name,price
â?? Urban Armor Gear UAG MacBook Pro 4th W/WO Touch Bar case, 339.00
NEW MacBook Pro 13 13.3 A1706 A1708 Matte Frosted Hard Case Cover, 28.00
APPLE MacBook Pro 13 13.3 A1278 Matte Frosted Hard Case Cover, 26.00
MacBook Pro Retina 13 A1502 A1425 Matte Frosted Hard Case Cover, 28.00
NEW ORIGINAL Apple MacBook Pro 13'Unibody A1278 A1322 Mid 2009 2010 , 254.40
Thunderbolt Mini Displayport DP to VGA Adapter Cable Apple MacBook Pro, 31.90
Genuine Apple 60W MagSafe Power Adapter Charger A1344 MacBook Pro, 170.00
Apple 60W MagSafe 2 Power Adapter (for MacBook Pro with 13-inch Retina Display, 349.00
Apple 85W MagSafe 2 Power Adapter (for MacBook Pro with Retina Display) - MD50, 349.00
Apple 85W MagSafe Power Adapter (for 15- and 17-inch MacBook Pro) - MC556MY/B, 349.00
MacBook Pro Retina 13 13.3 A1502 A1425 Matte Frosted Hard Case Cover, 80.00
Apple 13-inch MacBook Pro with Touch Bar 3.1GHz Dual-core i5 512GB, 8899.00
Apple 13-inch MacBook Pro with Touch Bar 3.1GHz Dual-core i5 256GB, 7999.00
Apple 13-inch MacBook Pro 2.3GHz Dual-core i5 256GB, 6899.00
Apple 13-inch MacBook Pro 2.3GHz Dual-core i5 128GB, 5999.00
18Pcs Opening Tools Repair Kit For Smartphone Tablet MacBook Pro Air i, 82.99
STM Dux 13 Inch MacBook Pro Retina 12 Hardshell Case, 210.94
STM Dux 13 Inch Macbook Pro Retina 12 Hardshell Case Black - stm-122-094L-01, 210.94
Genuine Apple 85W MagSafe 2 Power Adapter Charger A1424 MacBook Pro 15, 170.00
MacBook Pro 13 13.3 A1278 Matte Frosted Hard Case Cover, 28.00
MacBook Air Pro 13 13.3 MOSHI MUSE Microfiber Sleeve Bag Case Cover, 45.00
MacBook Pro Retina 15 15.4 A1398 Matte Frosted Hard Case Cover, 28.00
MacBook Pro Retina 13 13.3 A1502 A1425 Matte Frosted Hard Case Cover, 28.00
Laptop MacBook Air Pro Retina 11 12 13 14 15.6 Sleeve Bag Case Cover, 48.90
Think Tank Photo My 2nd Brain 13-fit a MacBook Pro/Air® 13â?? + any iPad, 475.00
Apple Macbook Pro 13' Monocozzi Lucid Matt Translucent Hard Shell Case, 168.00
Apple MacBook Pro 13 i5 2.4GHz 1TB 6Gb Ram Notebook Rm2180, 2180.00
"APPLE MACBOOK Pro MPXR2ZP/A 13.3"" NB SIL (i5 2.3GHz,8GB,128GB,INTEL)", 5880.00
MacBook Air 11.6 12 13.3 15 Pro Crystal Case Cover Casing + Free Gifts, 47.90
Thunderbolt Mini Displayport DP to VGA Adapter Cable Apple MacBook Pro, 59.90
Soft Keyboard Protector Cover Skin for MacBook Pro / Air 13'/15', 49.00
Soft Keyboard Protector Cover Skin for MacBook Pro / Air 13'/15', 49.00
New ORI Original Apple MacBook Pro 13' A1278 A1322 Mid 2009 Battery, 399.00
MacBook Pro Retina 13 13.3 A1502 A1425 Matte Frosted Hard Case Cover, 79.90
Hello Kitty MacBook Air Pro Case Cover Casing + Keyboard Protector, 58.90
Cartinoe Macbook Pro Air 11 12 13 15 Sleeve Case Charger Bag Cover, 87.90
Apple MacBook Air 11 12 13 15 Pro Retina Case Cover Casing Leather Bag, 68.90
"Apple MacBook Pro 15"" 17"" Series iBook G3 G4 12"" Battery", 329.00
MacBook Air Pro 13 inch PU Leather Casing Case Cover, 53.80
MacBook Air Pro 15 inch PU Leather Casing Case Cover, 63.80
"Apple Macbook Pro MPXR2ZP/A 13.3"" Laptop Silver (i5 2.3GHz, 8GB, 128GB, Intel,", 5883.00
Macbook PRO 13 Inch Designer Case - UK Flag, 89.00
Macbook PRO 13 Inch Designer Case - Solar System, 89.00
Macbook PRO 13 Inch Designer Case - American Flag, 89.00
Emotal Apple MacBook 11 12 13 14 15 Air Pro Retina Bag Case Cover, 69.90
Apple MacBook Air Pro Retina 11 12 13 14 15 Sleeve Bag Case Cover, 69.90
Macbook Air Pro Stylish Fashion Unique Casing Case Cover Laptop Bag, 69.90
Macbook Pro/Air 13inch protective shell, 69.90
Apple laptop bag macbook Air/Pro protective cover, 99.90
Apple macbook Air/Pro kraft paper protective sleeve, 99.90
Macbook Pro/Air Sleeve 11/12/13/15 inch laptop bag, 79.90
Apple laptop bag Macbook Air 11/12/13/15inch Pro Sleeve, 89.90
Macbook Air/Pro 11/12/13.3/15 inch shockproof protective sleeve, 69.90
Macbook Air Pro 13 inch - Laptop Bag Casing Case Cover *Free small bag, 59.90
Macbook Air Pro 11 inch - Laptop Bag Casing Case Cover, 69.90
Apple macbook air/pro wooden docking stand, 99.90
MacBook Air Pro 13 inch PU Leather Casing Case Cover, 53.80
MacBook Air Pro 15 inch PU Leather Casing Case Cover, 53.80
2016 Apple Macbook Pro 12/13/15 inch leather protective sleeve, 69.90
"Apple MacBook Pro / Retina 15"" Original Adidas Sleeve Case", 199.00
"Apple MacBook Pro / Retina 13"" Original Adidas Sleeve Case", 199.00
MacBook Air Retina 11.6 12 13.3 15 Pro Canvas Bag Case Cover Casing, 51.90
2pcs@ MacBook Air Retina 11.6 12 13.3 15 Pro Clear Screen Protector, 29.90
Macbook Pro/Air aluminium vertical storage stand, 129.90
MacBook Air Pro 15 inch PU Leather Casing Case Cover, 53.80
MacBook Air Pro 13 inch PU Leather Casing Case Cover, 53.80
Macbook Pro 13 Inch 9H Premium Tempered Glass, 69.00
Macbook Pro Retina 13 Inch A1706 / A1708 9H Premium Tempered Glass, 69.00
Macbook Pro Retina 13 Inch A1706 / A1708 Matte Hard Cover Case - Black, 69.00
Macbook Pro Retina 13 Inch A1706 / A1708 Matte Hard Cover Case - White, 69.00
Macbook Pro Retina 13 A1706/A1708 Screen Protector (Anti-Glare/Clear) , 39.00
"Macbook Pro Retina 13"" 15"" A1706/A1707/A1708 Keyboard Silicone Cover", 15.00
"Macbook Pro Retina 13"" 15"" A1706/A1707/A1708 Silicone Anti-Dust Plugs", 10.00
Macbook Pro Retina 15 Inch A1707 9H Premium Tempered Glass, 79.00
Macbook Pro Retina 15 Inch A1707 Screen Protector (Anti-Glare / Clear), 39.00
MacBook Pro Retina 15 15.4 A1398 Matte Frosted Hard Case Cover, 90.00
MacBook Pro Retina 13 13.3 A1502 A1425 Matte Frosted Hard Case Cover, 80.00
MacBook Pro Retina 15 15.4 A1398 Matte Frosted Hard Case Cover, 90.00
Thunderbolt Mini Displayport DP to VGA Adapter Cable Apple MacBook Pro, 59.90
DC Power Board Cable for MacBook Pro A1278 A1286 A1297 820-2565-A, 67.99
Thunderbolt Mini Displayport DP to VGA Adapter Cable Apple MacBook Pro, 79.00
Bottom Screws for Macbook Pro Retina A1398 A1425 A1502 Screw Replace, 10.30
Macbook Air/Pro 11/12/13.3/15 inch case casing cover, 72.80
Macbook Air/Pro 11/12/13.3/15 inch shockproof protective sleeve, 102.80
Apple Macbook Pro 12 / 13 /15 inch leather casing case cover, 69.90
Repair Replacement Screws for Macbook Pro A1278 A1286 A1297 MBP Screw, 10.30
MacBook Air 11.6 12 13.3 15 Pro Case Cover Casing + Keyboard Protector, 38.90
Apple MacBook Pro 13 2014 RETINA i5 2.6 GHz 8Gb Ram Notebook Rm3480, 3480.00
Apple MacBook Pro 15 A1398 A1417 (2012-2013) Battery, 380.00
Mini Display Port Thunderbolt to HDMI Cable Adapter Apple MacBook Pro, 18.90
Apple Macbook Pro 15 A1398 A1417 20v 4.22a 5Pin Magnet Adapter Charger, 199.00
Apple MacBook Pro  A1278 A1286 A1297 Airport Extreme Card 607-4147-A, 149.90
Apple A1342 MacBook Pro 13' Laptop CPU Cooling Fan, 99.00
adidas Originals Sleeve Case for Apple MacBook Pro / Retina 13', 185.00
adidas Originals Sleeve Case for Apple MacBook Pro / Retina 15', 199.00
Innowatt Pure Skin series Keyboard Protector for Macbook Air & Pro , 59.00
14 INCH LAPTOP BAG TABLET ZIPPER POUCH FOR MACBOOK AIR / PRO, 59.00
14 INCH LAPTOP BAG TABLET ZIPPER POUCH FOR MACBOOK AIR / PRO, 59.00
"MacBook Pro 15"" A1286 Front Display Glass", 69.90
"MacBook Pro 13"" A1278 Front Display Glass", 69.90
"Apple MacBook Pro 13-inch 2.3GHz Dual-core i5 MPXT2ZP / A (256GB, Space Grey, ", 6869.86
"Apple MacBook Pro 13-inch 2.3GHz Dual-core i5 MPXQ2ZP / A (128GB, Space Grey, ", 5974.16
Apple MacBook Pro with Touch Bar 13-inch 3.1GHz Dual-core i5 MPXW2ZP / A (512G, 8876.44
Apple MacBook Pro with Touch Bar 13-inch 3.1GHz Dual-core i5 MPXV2ZP / A (256G, 7980.74
"Apple Macbook Pro A1278 13"" Keyboard", 289.00
Genuine ~ Apple MacBook Pro 13.3 LED Screen LP133WX3-TLA5, 379.00
"APPLE MacBook Pro 15"" A1286 Keyboard US with Back Light", 99.90
"APPLE MacBook Pro 15"" A1286 Keyboard US 2009-2012", 79.90
"APPLE MacBook Pro 13"" A1278 Keyboard US with Back Light", 119.90
Apple Retina Macbook Pro A1398 A1425 WiFi BT Bluetooth AirPort Card, 190.80
"MacBook Pro 13-15-17 inch, A278 A1286 A1297 Bluetooth Wifi Card", 190.80
Matte Protective Hard Case for Macbook Retina Pro 13.3 inch - Rose Gol, 49.00
Matte Protective Hard Case for Macbook Retina Pro 15.4 inch - Rose Gol, 49.00
13.3-inch Sleeve Bag Cover Case Macbook Pro / Air - Tiffany blue, 29.00
13.3-inch Sleeve Bag Cover Case for Laptop Macbook Pro / Air - Pink, 29.00
13.3-inch Sleeve Bag Cover Case Macbook Pro / Air - Light Blue, 29.00
15.4-inch Sleeve Bag Cover Case for Laptop Macbook Pro - Black, 29.00
15.4-inch Sleeve Bag Cover Case for Laptop Macbook Pro - Tiffany blue, 29.00
15.4-inch Sleeve Bag Cover Case for Laptop Macbook Pro - Purple, 29.00
15.4-inch Sleeve Bag Cover Case for Laptop Macbook Pro - Pink, 29.00
15.4-inch Sleeve Bag Cover Case for Laptop Macbook Pro - Light Blue, 29.00
Ultra Thin Silicone Rubber Keyboard Skin Cover for Macbook Air / Pro 13 / 15 i, 17.00
Ultra Thin Silicone Rubber Keyboard Skin Cover for Macbook Air / Pro 13 / 15 i, 17.00
Ultra Thin Silicone Rubber Keyboard Skin Cover for Macbook Air / Pro 13 / 15 i, 19.00
Silk Pattern Leather Protective Hard Case for Macbook Pro 15.4 inch - Gold, 69.00
"MOSHI USB-C to HDMI Adapter 4K 60 fps Apple MacBook PRO 13"" 15"" 2016", 189.00
85W Apple Macbook Pro 15 17 MagSafe 2 Adapter Charger 20V 4.25A, 112.30
Screen Protector For Macbook Pro Retina 13.3 inch - Transparent, 19.00
"(Import) Original Apple USB SuperDrive for MacBook Pro with Retina display, Ma", 309.00
Macmosphere Apple MacBook Matte case for MacBook Air & Pro - Frost, 99.00
Macmosphere Apple MacBook Matte case for MacBook Air & Pro - Cobalt, 99.00
Macmosphere Apple MacBook Matte case for MacBook Air & Pro - Black, 99.00
Macmosphere Apple MacBook Matte case for MacBook Air & Pro - Crimson, 99.00
Macmosphere Apple MacBook case for MacBook Air & Pro - Clear Black, 99.00
Macmosphere Apple MacBook case for MacBook Air & Pro - Yellow, 99.00
Macmosphere Apple MacBook case for MacBook Air & Pro - Red, 99.00
Macmosphere Apple MacBook case for MacBook Air & Pro - Dark Blue, 99.00
Macmosphere Apple MacBook case for MacBook Air & MacBook Pro - Clear, 99.00
Macbook PRO 13 Inch A1278 Art Rubberized Case - Wood Grain Dark Brown, 69.00
Macbook PRO Retina 13 Inch A1502/A1425 Art Case-Wood Grain Brown, 69.00
Macbook PRO 13 Inch A1278 Art Graphic Hard Case-Wood Grain Brown, 69.00
Macbook PRO Retina 13 Inch A1502/A1425 Art Case-Wood Grain Blue, 69.00
Macbook PRO 13 Inch A1278 Art Graphic Hard Case-Wood Grain Blue, 69.00
Macbook PRO Retina 13 Inch A1502/A1425 Art Case-Rainbow Stripes, 69.00
Macbook PRO 13 Inch A1278 Art Graphic Hard Case-Rainbow Stripes, 69.00
Macbook PRO Retina 13 Inch A1502/A1425 Art Case-Rainbow Painting, 69.00
Macbook PRO 13 Inch A1278 Art Graphic Hard Case-Rainbow Painting, 69.00
Macbook PRO Retina 13 Inch A1502/A1425 Art Case-Idea Green, 69.00
Macbook PRO 13 Inch A1278 Art Graphic Hard Case-Idea Green, 69.00
Macbook PRO Retina 13 Inch A1502/A1425 Art Case-Idea Black, 69.00
Macbook PRO 13 Inch A1278 Art Graphic Hard Case-Idea Black, 69.00
Macbook PRO Retina 13 Inch A1502/A1425 Art Case-Galaxy Red, 69.00
Macbook PRO 13 Inch A1278 Art Graphic Rubberized Hard Case-Galaxy Red, 69.00
Macbook PRO Retina 13 Inch A1502/A1425 Art Case - Colorful Painting, 69.00
Macbook PRO 13 Inch A1278 Art Graphic Hard Case - Colorful Painting, 69.00
Macbook PRO Retina 13 Inch A1502/A1425 Art Case - Blue Painting, 69.00
Macbook PRO 13 Inch A1278 Art Graphic Hard Case - Blue Painting, 69.00
Macbook PRO Retina 13 / 15 Inch Anti Dust Silicone Rubber Port Plugs, 10.00
Macbook PRO 13 Inch / 15 Inch Anti Dust Silicone Rubber Port Plugs, 10.00
Mini DisplayPort DP To HDMI HDTV AV TV / VGA Adapter Cable For Macbook Pro/Ima, 49.90
Mini DisplayPort to DVI Female Adaptor 20cm for Macbook Air Pro Surface Pro, 49.90
Mini DisplayPort to VGA Adapter TV AV Cable for iMac Mac Mini Mac Pro MacBook , 49.90
Mini DisplayPort DP To HDMI HDTV AV TV / VGA Adapter Cable For Macbook Pro/Ima, 49.90
Thunderbolt Mini DisplayPort male to HDMI male Cable Adapter For MacBook Pro A, 49.90
60W AC Power Adaptor for Apple 13' MacBook Pro UK 16.5V 3.65A, 91.69
MOSHI Protective Case Memory Foam Codex 13 Apple MacBook Pro 13', 299.00
TWELVE SOUTH BookBook Leather Case | Apple MacBook PRO 13' - Red, 349.00
TWELVE SOUTH BookBook Leather Case | Apple MacBook PRO 15' - Red, 369.00
TWELVE SOUTH BookBook Leather Case | Apple MacBook PRO 15' - Brown, 369.00
RAIN DESIGN iLap Laptop Stand Pad | Apple MacBook | PRO 13', 239.00
RAIN DESIGN iLap Laptop Stand Pad | Apple MacBook PRO 15', 279.00
CAPDASE ProKeeper Carria Bag Case | Apple MacBook Air PRO 13' - Khaki, 119.00
CAPDASE ProKeeper Carria Bag Case | Apple MacBook Air PRO 15' - Red, 139.00
CAPDASE ProKeeper Carria Bag Case | Apple MacBook Air PRO 15' - Purple, 139.00
CAPDASE ProKeeper Carria Bag Case | Apple MacBook Air PRO 15' - Khaki, 139.00
CAPDASE ProKeeper Carria Bag Case | Apple MacBook Air PRO 15' - Blue, 139.00
CAPDASE ProKeeper Carria Bag Case | Apple MacBook Air PRO 15' - Black, 139.00
RAIN DESIGN iLevel 2 Laptop Notebook Stand | Apple MacBook Air PRO, 349.00
MOSHI Mini Display Port to HDMI 4K Adapter Apple MacBook PRO Air 13 15, 159.00
MOSHI Venturo Backpack Laptop Bag BK | Apple Macbook PRO Air 13' 15', 499.00
MOSHI Venturo Backpack Laptop Bag STBL | Apple Macbook PRO Air 13' 15', 499.00
MOSHI Venturo Backpack Laptop Bag NVBL | Apple Macbook PRO Air 13' 15', 599.00
MOSHI Venturo Backpack Laptop Bag TTGY | Apple Macbook PRO Air 13' 15', 599.00
MOSHI Aerio Messenger Laptop Bag Black | Apple Macbook PRO Air 13' 15', 599.00
MOSHI Aerio Messenger Laptop Bag Grey | Apple Macbook PRO Air 13' 15', 599.00
MOSHI Mini Display Port to HDMI Cable 2M Apple MacBook PRO Air 13 15, 189.00
MONOCOZZI Translucent Hard Shell Case Apple Macbook PRO 13' White, 149.00
MONOCOZZI Translucent Hard Shell Case Apple Macbook PRO 13' Black, 149.00
MOSHI Laptop Backpack Bag Helios Lite Blue Apple MacBook Air Pro 13', 499.00
MOSHI Laptop Backpack Bag Helios Lite Grey Apple MacBook Air Pro 13', 499.00
MOSHI Laptop Backpack Bag Helios Black Apple MacBook Air Pro 13' 15', 699.00
MOSHI Laptop Backpack Bag Helios Brown Apple MacBook Air Pro 13' 15', 699.00
MOSHI USB-C to HDMI Adapter 4K 60 fps Apple MacBook PRO 2016, 189.00
MOSHI USB-C Multiport Adapter USB-C+HDMI+USB Apple MacBook PRO 2016 GD, 319.00
MOSHI USB-C Multiport Adapter USB-C+HDMI+USB Apple MacBook PRO 2016 SV, 319.00
MOSHI USB-C Multiport Adapter USB-C+HDMI+USB Apple MacBook PRO 2016 RS, 319.00
"MOSHI Protective Case Memory Foam Codex 15R Apple MacBook Pro 15""", 369.00
MOSHI Protective Case Memory Foam Codex 13R Apple MacBook Pro 13' TT, 339.00
Apple MacBook Pro 13' A1322 A1278 MC724 Replacement Battery Grade AA, 175.00
MACBOOK PRO i7 A1286 PARTS FOR SALES, 999.00
Emotal MacBook Air 11 13 15 Pro Retina Clear Screen Protector 2pcs, 37.90
MacBook Air 11.6 13.3 Pro Retina Palm Protector Wrist Rest skin anti, 27.90
APPLE A1175 - MACBOOK PRO 15 SERIES LAPTOP BATTERY, 159.00
APPLE A1189 - MACBOOK PRO 17 SERIES LAPTOP BATTERY, 190.80
APPLE A1281- 15' MacBook Pro A1286(2008) SERIES LAPTOP BATTERY, 190.80
APPLE A1382 -MacBook Pro 15' inch i7 Unibody SERIES LAPTOP BATTERY, 190.80
APPLE A1309 - Macbook Pro 17' SERIES LAPTOP BATTERY, 190.80
APPLE A1321-MacBook Pro 15' A1286 (2009 Version) SERIES LAPTOP BATTERY, 190.80
APPLE A1322-MacBook Pro 13'  (2009 Version) SERIES LAPTOP BATTERY, 190.80
Macbook Air/Pro 13inch protective case, 79.90
Macbook Air/Pro 13inch protective case, 69.90
3M Privacy Filter Screen for MacBook Pro 15', 159.00
"Speck SeeThru Satin Case for MacBook Pro 15"" Peacock Blue", 130.00
Speck SeeThru Satin MacBook Pro Retina 15' Grape Purple, 99.00
"Speck SeeThru MacBook Pro Retina 13"" Raspberry Pink", 130.00
Speck SeeThru Case MacBook Pro Retina display 15' Harbor Blue, 130.00
Mini DisplayPort DP to VGA Converter Adapter Cable for Macbook Pro, 20.00
Quality 6ft Macbook Pro Audio SPDIF Digital Fiber Optic Cable, 60.00
Apple 29W Magsafe USB-C Power Adapter for Macbook & iPad Pro, 159.00
"Apple MacBook Pro MJLQ2ZP/A 15.4"" Laptop (i7 - 2.2Ghz, 16GB, 256GB, Intel Iris", 8159.00
Bottom Rubber Foot For MacBook Pro A1278 A1286 A1297, 11.35
Apple A1342 MacBook Pro 13' Laptop CPU Cooling Fan, 99.00
Apple A1342 MacBook Pro 13' Laptop CPU Cooling Fan, 99.00
"Macbook Pro New 15"" 2017 A1707 Crystal Clear Hard Case Cover", 25.90
"Macbook Pro New 13"" 2017 A1706 A1708 Crystal Clear Hard Case Cover", 25.90
"Macbook Pro Retina 15"" A1398 Crystal Clear Hard Case Cover", 25.90
"Macbook Pro Retina 13"" A1502 Crystal Clear Hard Case Cover", 25.90
"Macbook Pro 13"" A1278 Crystal Clear Hard Case Cover", 25.90
Macbook Air/Pro 11/12/13.3/15 inch shockproof protective sleeve, 102.80
Macbook Air/Pro 11/12/13.3/15 inch case casing cover, 72.80
â??ï¸? 3 in 1 Macbook Pro Case Keyboard Cover  & Anti Dust, 95.00
MacBook Pro 13-Inch / 2.9 GHZ Intel Core i7 / 8GB / 500GB, 3200.00
13 INCH LAPTOP BAG TABLET ZIPPER POUCH SLEEVE FOR MACBOOK AIR / PRO RETINA (BL, 45.00
11INCH LAPTOP BAG TABLET ZIPPER POUCH SLEEVE FOR MACBOOK AIR / PRO RETINA (BLA, 45.00
Apple MacBook Pro A1150 Battery 15' P/N: A1175, 249.99
Apple MacBook Pro A1151 Battery A1189, 249.99
Apple MacBook Pro A1278 Battery Unibody 13' P/N: A1322, 249.99
Apple MacBook Pro A1281 Battery 15' P/N: A1281, 249.99
Apple MacBook Pro A1286 Battery Unibody 15' P/N: A1382, 249.99
Apple MacBook Pro A1297 Battery MacBook Pro 17' A1309, 249.99
Apple MacBook Pro A1398 Battery P/N: A1417, 249.99
Apple MacBook Pro MB604LL/A Battery Macbook 13' 020-6580-A A1331, 249.99
Apple MacBook Pro A1150 Battery 15' P/N: A1175, 249.99
Apple MacBook Pro A1151 Battery A1189, 249.99
Apple MacBook Pro A1278 Battery Unibody 13' P/N: A1322, 249.99
Apple MacBook Pro A1281 Battery 15' P/N: A1281, 249.99
Apple MacBook Pro A1286 Battery Unibody 15' P/N: A1382, 249.99
Apple MacBook Pro A1297 Battery MacBook Pro 17' A1309, 249.99
Apple MacBook Pro A1398 Battery P/N: A1417, 249.99
Apple MacBook Pro MB604LL/A Battery Macbook 13' 020-6580-A A1331, 249.99
Apple MacBook Pro A1150 Battery 15' P/N: A1175, 249.99
Apple MacBook Pro A1151 Battery A1189, 249.99
Apple MacBook Pro A1278 Battery Unibody 13' P/N: A1322, 249.99
Apple MacBook Pro A1281 Battery 15' P/N: A1281, 249.99
Apple MacBook Pro A1286 Battery Unibody 15' P/N: A1382, 249.99
Apple MacBook Pro A1297 Battery MacBook Pro 17' A1309, 249.99
Apple MacBook Pro A1398 Battery P/N: A1417, 249.99
Apple MacBook Pro MB604LL/A Battery Macbook 13' 020-6580-A A1331, 249.99
"Apple MacBook Pro MJLQ2ZP/A 15.4"" Laptop (i7 2.2Ghz,16GB,256GB,INTEL)", 7875.00
"Apple MLUQ2ZP/A 13.3 Inch MacBook Pro(Space Grey,i5 2.0GHz,8GB,256GB)", 5957.00
"THULE SUBTERRA 15"" MACBOOK AIR/PRO SLEEVE - GRAY", 199.00
TRANSCEND SSD JETDRIVE 725 240GB for MacBook AiR/PRO (TS240GJDM725), 932.80
Apple A1342 MacBook Pro 13' Laptop CPU Cooling Fan, 99.00
"Apple MacBook Pro MLUQ2ZP/A 13.3"" Laptop (i5 - 2.0GHz, 8GB, 256GB, Intel Iris,", 6172.00
11INCH LAPTOP BAG TABLET ZIPPER POUCH SLEEVE FOR MACBOOK AIR / PRO RETINA (BLA, 45.00
15 INCH LAPTOP BAG TABLET ZIPPER POUCH SLEEVE FOR MACBOOK AIR / PRO RETINA (BR, 44.00
15 INCH LAPTOP BAG TABLET ZIPPER POUCH SLEEVE FOR MACBOOK AIR / PRO RETINA (RE, 44.00
11INCH LAPTOP BAG TABLET ZIPPER POUCH SLEEVE FOR MACBOOK AIR / PRO RETINA (BRO, 45.00
14INCH LAPTOP BAG TABLET ZIPPER POUCH SLEEVE FOR MACBOOK AIR / PRO RETINA (RED, 37.00
14INCH LAPTOP BAG TABLET ZIPPER POUCH SLEEVE FOR MACBOOK AIR / PRO RETINA (BRO, 37.00
14 INCH LAPTOP BAG TABLET ZIPPER POUCH FOR MACBOOK AIR / PRO, 59.00
13 INCH LAPTOP BAG TABLET ZIPPER POUCH SLEEVE FOR MACBOOK AIR / PRO RETINA (BL, 45.00
13 INCH LAPTOP BAG TABLET ZIPPER POUCH SLEEVE FOR MACBOOK AIR / PRO RETINA (RE, 45.00
14 INCH LAPTOP BAG TABLET ZIPPER POUCH FOR MACBOOK AIR / PRO, 59.00
85W Apple Macbook Pro 15 17 MagSafe 2 Adapter Charger 20V 4.25A, 199.00
2nd 9.5mm SATA HDD SSD Hard Drive Caddy Bay for MacBook Pro 13 15 17, 159.00
Apple Macbook Pro 13 unibody A1278 2049 Hard Drive HDD Cable Connector, 199.00
APPLE MacBook Pro A1278 A1286 A1297 Bottom Feet Rubber 4 PCS Set, 39.00
Thunderbolt Mini Displayport DP to VGA Adapter Cable Apple MacBook Pro, 59.90
Soft Keyboard Protector Cover Skin for MacBook Pro / Air 13'/15', 49.00
2m Macbook Pro Audio Toslink to Mini SPDIF Digital Fiber Optic Cable, 60.00
2m Macbook Pro Audio Mini Jack to Mini SPDIF Digital Fiber Optic Cable, 60.00
Apple MacBook Pro A1185 A1181 mac MA561 Laptop Battery, 130.00
Apple MacBook Pro 15' A1175 A1226 A1150 A MA Laptop Battery, 120.00
Apple MacBook Pro 15' A1175 MA348G/A MA463LL/A Laptop Battery, 120.00
85W Apple A1172 MacBook Pro 15' 17' Power Adapter Charger, 100.00
85W Apple A1226 MacBook Pro 15' 17' Power Adapter Charger, 100.00
85W Apple MacBook MagSafe Pro Power Adapter Charger, 100.00
85W Apple MacBook 13' 1.83/2Ghz Core Duo Pro Power Adapter Charger, 100.00
APPLE RETINA DISPLAY MACBOOK PRO 85W MAGSAFE 2 POWER ADAPTER A1424, 120.00
Power AC Adapter Apple MacBook Pro Retina A1424 A1398 Magsafe 2, 120.00
20V 4.25A 85W MagSafe2 Power Adapter For Apple MacBook Pro A1398 A1424, 120.00
60W Magsafe 2 Power Adapter Macbook Air Pro Retina 13' Air, 100.00
60W Magsafe 2 Power Adapter Macbook Air Pro Retina 13' Air, 100.00
60W Magsafe 2 Power Adapter Macbook Air Pro Retina MD565, 100.00
60W Magsafe 2 Power Adapter Macbook Air Pro Retina A1425, 100.00
60W Magsafe 2 Power Adapter Macbook Air Pro Retina A1435 A1466 A1465, 100.00
85W Apple A1286 MacBook Pro Power Adapter Charger, 120.00
Apple Magsafe 60W Macbook Pro 13 15 5V Adapter Charger w Plug, 100.00
"Apple MacBook Pro 13"" A1322 A1278 MC724 Laptop Replacement Battery", 160.00
Apple MacBook Pro 13' MC700 MC724 MC724 Laptop Replacement Battery, 160.00
"Apple MacBook Pro 15"" A1321 A1286 2009~ Unibody Replacement Battery", 160.00
Apple MacBook Pro 15' MB986 MC118 MB985CH A1321 OEM Battery, 160.00
Apple Magsafe 60W Macbook Pro 13 15  Adapter Charger w extension cord, 135.00
85W Apple A1286  MacBook Pro Power Adapter Charger w Extension Cord, 145.00
 85W MagSafe 2 Power Adapter For Apple MacBook Pro Retina w ext cord, 145.00
"MacBook Pro 15"" A1281 A1286 (2008) Aluminum Unibody Battery", 175.00
MacBook Pro 15' A1281 A1286 (2008) MB470*/A Alu Unibody Battery, 175.00
 Apple MacBook Air Pro 13' 15' 17' A1331 A1342 Unibody Battery, 175.00
 Apple MacBook Air Pro 13' A1405 A1369 A1466 Battery, 245.00
Apple MacBook Air Pro 13' A1405 A1377 A1496 MC503 A1466 Battery, 245.00
Apple MacBook Pro 15' i7 A1286 A1382 2011 2012 Battery, 200.00
Apple MacBook Air Pro 11' A1406 A1370 A1465 Battery, 245.00
Apple MacBook Air Pro 11' A1370 late 2010 A1375 Battery, 245.00
Apple MacBook Pro 15 A1398 2012 2013 A1417 Battery with Screw Driver, 245.00
Apple MacBook Pro A1185 A1181 mac MA561 Laptop Battery, 150.00
2nd HDD caddy Apple MacBook Pro OptiBay SuperDrive SATA II, 60.00
2nd HDD caddy Apple MacBook Pro OptiBay for 1.8' SSD, 100.00
USB External Cable + 2nd HDD caddy Apple MacBook Pro OptiBay SuperDriv, 100.00
IDE / PATA 2nd HDD caddy Apple MacBook Pro OptiBay SuperDrive, 60.00
Apple Macbook Pro Mac 2nd hdd Module Caddy + Superdrive USB Enclosure, 100.00
Apple Macbook Pro Mac Superdrive USB Enclosure White SATA 2009 2010 20, 55.00
High End Apple Macbook Pro Mac 2nd hdd Module Caddy SATA Unibody, 60.00
SATA 3.0 2nd HDD caddy Optibay for Apple MacBook Pro Unibody, 60.00
SATA 3.0 / 2.0 Optibay for Apple MacBook Pro Unibody SSD Replacement, 60.00
USB Ext Cable + SATA 3.0 / 2.0 Optibay for Apple MacBook Pro Unibody S, 80.00
USB Enclosure + SATA 3.0 Optibay for Apple MacBook Pro Unibody, 100.00
SATA 3.0 / 2.0 Optibay for Apple MacBook Pro Unibody SSD Replacement, 60.00
Apple SATA 3.0 III Optibay MacBook Pro Air Unibody, 60.00
USB External Cable+Apple SATA 3.0 III Optibay MacBook Pro Air Unibody, 80.00
Soft Keyboard Protector Cover Skin for MacBook Pro / Air 13/15/17in, 35.90
NEW MacBook Pro 15 15.6 A1707 Matte Frosted Hard Case Cover, 28.00
Apple MacBook Pro Mid 2007 17-inch Santa Rosa 58w adapter charger, 139.00
Apple MacBook Pro Late 2006 58w adapter charger, 139.00
"Apple MacBook Pro 15.4-inch Glossy, 17-inch 58w adapter charger", 139.00
Apple MacBook Pro Core Duo 1.67 15-inch 58w adapter charger, 139.00
"Apple MacBook Pro MA896LL, MA897LL/A 58w adapter charger", 139.00
"Apple MacBook Pro MA895LL/A, MA896LL/A, MA895LL 58w adapter charger", 139.00
"Apple MacBook Pro MA609LL, MA610LL, MA611LL/A 58w adapter charger", 139.00
"Apple MacBook Pro MA609LL, MA610LL, MA611LL/A 58w adapter charger", 139.00
"Apple MacBook Pro MA092LL/A, MA600LL, MA601LL 58w adapter charger", 139.00
"Apple MacBook Pro MA463LL/A, MA464LL/A, MA090LL 58w adapter charger", 139.00
"New Apple MacBook Pro Unibody 17"" A1297 Keyboard UK Keyboard Black", 169.60
"Keyboard for Apple Macbook Pro 15"" Backlit A1286 2009 2010 2011", 169.60
"For Apple MacBook Pro 13"" Retina A1425 2012 2013 - UK Keyboard ", 169.60
"FOR APPLE MACBOOK PRO A1278 13.3"" SERIES KEYBOARD (US) ", 169.60
MacBook PRO 13 Inch (A1278) Matte Hard Cover Case - Black, 69.00
MacBook PRO 13 Inch (A1278) Matte Hard Cover Case - Blue, 69.00
MacBook PRO 13 Inch (A1278) Matte Hard Cover Case - Red, 69.00
MacBook PRO 13 Inch (A1278) Matte Hard Cover Case - White, 69.00
MacBook PRO 15 Inch Matte Hard Cover Case - Black, 79.00
MacBook PRO 15 Inch Matte Hard Cover Case - Blue, 79.00
MacBook PRO 15 Inch Matte Hard Cover Case - Red, 79.00
MacBook PRO 15 Inch Matte Hard Cover Case - White, 79.00
MacBook PRO Retina 13 Inch (A1502) Matte Hard Cover Case - Black, 69.00
MacBook PRO Retina 13 Inch (A1502) Matte Hard Cover Case - Pink, 69.00
MacBook PRO Retina 13 Inch (A1502) Matte Hard Cover Case - Red, 69.00
MacBook PRO Retina 13 Inch (A1502) Matte Hard Cover Case - White, 69.00
"Transcend  128GB JetDrive Lite 360 - 15"" MacBook Pro Retina  Late 2013", 369.00
"Transcend  64GB JetDrive Lite 360 - 15"" MacBook Pro Retina (Late 2013)", 189.00
"Transcend 128GB JetDrive Lite 350 Memory Card 15"" MacBook Pro Mid2012", 369.00
"Transcend  64GB JetDrive Lite 350 Memory Card 15"" MacBook Pro Mid 2012", 189.00
"Transcend Jet Drive Lite 330 64GB for Macbook Pro Retina 13""", 189.00
MacBook Pro Keyboard Protector Cover - Anti Dust or Water Spill, 39.00
NEW ORIGINAL - Apple Macbook Pro 15' i7 Unibody A1382 77.5Wh battery, 399.00
Mini Display Port DP To HDMI Adapter Cable For Mac Macbook Pro Air, 59.00
"Transcend Jet Drive Lite 330 64GB for Macbook Pro Retina 13""", 249.00
Apple MacBook Pro A1322 A1184 A1181 A1330 Power Adapter Charger, 149.00
Hard Case sleeve For Macbook Pro 13, 30.00
Hard Case Clear sleeve For Macbook Pro 13, 30.00
Hard Case Flag Design sleeve For Macbook Pro 13, 30.00
"MacBook 12"" A1534 MacBook Pro 13"" New A1708 Clear Soft Ultra Thin TPU ", 9.90
For Apple MacBook Pro 15' A1286 MC721 Series 2012 Year Laptop Battery, 200.00
Cartinoe Macbook Pro Air 11 12 13 15 Sleeve Case Charger Bag Cover, 88.80
"3M Privacy Filter for MacBook Pro 15"" with Retina Display", 159.00
"3M Privacy Filter for MacBook Pro 13"" with Retina Display", 139.00
STM Dux Hardshell Case for 13' Macbook Pro Retina (Chili), 210.80
STM Dux Hardshell Case for 13' Macbook Pro Retina (Moroccan Blue), 210.80
[11/06] Apple Macbook Pro MJLQ2ZP/A *i7-2.2Ghz/16G/256SSD* (15â?? Retina, 7875.80
[11-Jun] Apple Macbook Pro MJLQ2ZP/A *Intel i7 2.2Ghz/256G* (Silver), 7875.80
MacBook Air Retina 11.6 12 13.3 15 Pro Canvas Bag Case Cover Casing, 51.80
Apple 85W MagSafe 2 Power Adapter (For 15 Inch Macbook Pro Retina Display) - M, 385.84
Keyboard Protector Silicon Skin-For Apple Macbook Pro Air 13.3 Inch, 20.00
For Macbook Pro A1278 2009 2010 Hard Drive HDD Cable, 75.00
For Macbook Pro A1278 2011 Hard Drive HDD Cable, 75.00
For MacBook Pro A1278 2012 Hard Drive HDD Cable, 75.00
Apple A1342 MacBook Pro 13' Laptop CPU Cooling Fan, 99.00
Apple MacBook Pro Late 2007 15.4-inch Santa Rosa 58w adapter charger, 139.00
Apple MacBook Pro Mid 2007 17-inch Santa Rosa 58w adapter charger, 139.00
Apple MacBook Pro Late 2006 58w adapter charger, 139.00
"Apple MacBook Pro 15.4-inch Glossy, 17-inch 58w adapter charger", 139.00
Apple MacBook Pro Core Duo 1.67 15-inch 58w adapter charger, 139.00
"Apple MacBook Pro MA896LL, MA897LL/A 58w adapter charger", 139.00
"Apple MacBook Pro MA895LL/A, MA896LL/A, MA895LL 58w adapter charger", 139.00
"Apple MacBook Pro MA609LL, MA610LL, MA611LL/A 58w adapter charger", 139.00
"Apple MacBook Pro MA609LL, MA610LL, MA611LL/A 58w adapter charger", 139.00
"Apple MacBook Pro MA092LL/A, MA600LL, MA601LL 58w adapter charger", 139.00
"Apple MacBook Pro MA463LL/A, MA464LL/A, MA090LL 58w adapter charger", 139.00
"Apple MacBook Pro 17-inch, Late 2006, 85w adapter charger", 139.00
Apple MacBook Pro Late 2007 15.4-inch Santa Rosa 85w adapter charger, 139.00
Apple MacBook Pro Mid 2007 17-inch Santa Rosa 85w adapter charger, 139.00
Apple MacBook Pro 15.4-inch Glossy 85w adapter charger, 139.00
APPLE MACBOOK PRO 18.5V 4.6A MAGNET LAPTOP ADAPTER CHARGER, 139.00
"Apple MacBook Pro MA895LL, MA896LL, MA897LL/A 85w adapter charger", 139.00
"Apple MacBook Pro MA895LL/A, MA896LL/A 85w adapter charger", 139.00
"Apple MacBook Pro  MA610LL, MA611LL/A 85w adapter charger", 139.00
"Apple MacBook Pro MA600LL, MA601LL, MA609LL 85w adapter charger", 139.00
"Apple MacBook Pro MA090LL, MA092LL/A 85w adapter charger", 139.00
"Apple MacBook Pro MA463LL/A, MA464LL/A 85w adapter charger", 139.00
"15"" Jean Series Carry Case Bag MacBook UltraBook Surface Pro", 29.90
"13"" Jean Series Carry Case Bag MacBook UltraBook Surface Pro", 29.90
"11"" Jean Series Carry Case Bag MacBook UltraBook Surface Pro", 29.90
"APPLE MacBook Pro 17"" A1297 A1309 Battery", 229.90
"APPLE MacBook Pro 17"" A1297 A1383 Battery", 229.90
[11/06] Apple Macbook Pro MLL42ZP/A *i5 2.0GHz/8G/256G* (13â?? Grey), 5957.20
[11/06] Apple Macbook Pro MLUQ2ZP/A *i5 2.0GHz/8G/256G* (13â?? Silver), 5957.20
[11-Jun] Apple Macbook Pro 2017 MLL42ZP/A *Intel i5 2.0Ghz/256* (Grey), 5957.20
[11-Jun] Apple Macbook Pro 2017 MLUQ2ZP/A *Intel i5 2.0Ghz/256* (Sil), 5957.20
"MacBook Pro 17"" A1297 Speaker Left Right Set", 129.90
Apple MacBook Pro 13 A1322 A1278 MC724 Laptop Replacement Battery, 259.00
"Macbook Pro Retina New 15.6"" A1707 Frosted Hard Case Cover Matte", 25.90
"Macbook Pro New 13.3"" A1706 A1708 Frosted Hard Case Cover Matte", 25.90
"Macbook Pro Retina 15.6"" A1398 Frosted Hard Case Cover Matte", 25.90
"Macbook Pro Retina 13.3"" A1502 Frosted Hard Case Cover Matte", 25.90
"Macbook Pro 13.3"" A1278 Frosted Hard Case Cover Matte", 25.90
TRANSCEND SSD JETDRIVE 520 960GB for MacBook AiR/PRO (TS960GJDM520), 2594.88
Ori Apple 60W MagSafe 2 Power Adapter Charger A1435 MacBook Pro Air, 299.00
Apple MacBook Pro 15 inch Matte Plastic Hard Case Cover Shell, 169.00
Genuine Apple 85W MagSafe 2 Power Adapter Charger A1424 MacBook Pro 15, 299.00
Genuine Apple 85W MagSafe Power Adapter Charger A1343 MacBook Pro, 299.00
For Apple MacBook Pro A1181 CPU Cooling Fan, 120.00
For Apple MacBook Pro A1260 A1211 A1226 A1151 Left CPU Cooling Fan, 130.00
For Apple MacBook Pro A1260 A1211 A1226 A1151 Right CPU Cooling Fan, 130.00
For Apple Macbook Pro 13' A1278 CPU Cooling Fan, 79.00
For Apple Macbook Pro 15' A1286 Left Cooling CPU Fan, 98.00
For Apple Macbook Pro 15' A1286 Right Cooling CPU Fan, 98.00
"For Apple Macbook Pro 15"" A1398 2012 Left Fan", 120.00
"For Apple Macbook Pro 15"" A1398 2012 Right Fan", 120.00
For Apple Macbook Pro 13' A1425 MD212 MD213 Right Cooling CPU Fan, 89.00
For Apple Macbook Pro 13' A1425 MD212 MD213 Left Cooling CPU Fan, 120.00
For Apple Macbook Pro A1278 A1286 A1297 Foot Lead Rubber, 18.00
For Apple Macbook Pro A1278 MB990 MB991 2009 LCD LED Cable, 79.00
For Apple Macbook Pro A1278 2009 2010 LCD LED Cable, 79.00
For Apple Macbook Pro A1278 MD313 314 2011 LCD LED Cable, 79.00
For Apple Macbook Pro A1286 2008 2009 LCD LED Cable, 150.00
For Apple Macbook Pro A1286 MC371 MC373 MC721 LCD LED Cable, 150.00
For Apple Macbook Pro A1286 MD103 MD104 2012 LCD LED Cable, 150.00
For Apple MacBook Pro Retina A1398 ME665LL/A LCD LED Cable, 79.00
For Macbook Pro Retina A1425 2012 LCD LED Cable, 150.00
For Apple MacBook Pro A1278 2009 2010 2011 2012 LCD Hinge, 80.00
For Apple MacBook Pro 15' A1286 2008 2009 LCD Hinge, 80.00
For Apple Macbook Pro A1278 A1286 A1297 Hinge Screw, 25.00
For MacBook Pro A1278 2009 2010 2011 2012 Keyboard, 99.00
For Macbook Pro A1286 MB470 MB471 2008 Keyboard, 180.00
For Apple Macbook Pro A1297 2009 2010 2011 HDD Cable, 150.00
For Apple MacBook Pro 15' A1286 2012 Hard Drive HDD Cable, 79.00
For Apple Macbook Pro A1425 2012 Hard drive HDD Cable, 160.00
For Apple MacBook Pro 15' A1286 2009 Hard Drive HDD Cable, 79.00
For Apple MacBook Pro 15' A1286 2011 Hard Drive HDD Cable, 79.00
â?? stm: dux hardshell macbook (+ air & pro retina) case, 211.00
85W Apple A1286 MacBook Pro Power Adapter Charger, 95.00
85W Apple A1286 MacBook Pro Power Adapter Charger, 95.00
Apple MacBook Air Pro 13' A1405 A1377 A1496 MC503 A1466 Battery, 245.00
Apple MacBook Pro 15' i7 A1286 A1382 2011 2012 Battery, 200.00
Apple MacBook Air Pro 11' A1406 A1370 A1465 Battery, 245.00
Apple MacBook Air Pro 11' A1370 late 2010 A1375 Battery, 245.00
TRANSCEND SSD JETDRIVE 720 960GB for MacBook AiR/PRO (TS960GJDM720), 2594.88
TRANSCEND Memory JETDRIVE LITE 360 64GB MACBOOK PRO (TS64GJDL360), 164.30
TRANSCEND SSD JETDRIVE 520 480GB for MacBook AiR/PRO (TS480GJDM520), 1451.14
TRANSCEND SSD JETDRIVE 720 240GB for MacBook AiR/PRO (TS240GJDM720), 1040.92
TRANSCEND Memory JETDRIVE LITE 360 64GB MACBOOK PRO (TS64GJDL350), 156.88
TRANSCEND SSD JETDRIVE 500 480GB for MacBook AiR/PRO (TS480GJDM500), 1451.14
TRANSCEND SSD JETDRIVE 500 960GB for MacBook AiR/PRO (TS960GJDM500), 2594.88
Apple MacBook Air Pro 11' A1406 A1370 A1465 Battery, 245.00
Apple MacBook Air Pro 11' A1370 late 2010 A1375 Battery, 245.00
MacBook Pro Retina 15.6 A1382 Heat Shock Protection PU Case, 39.90
Macbook Pro 13.3 A1278 Frosted Hard Case Cover Rainbow Matte, 29.90
"MacBook Pro Retina 15"" A1707 Heat Shock Protection PU Case", 39.90
"MacBook Pro Retina 13"" A1708 A1706 Heat Shock Protection PU Case", 39.90
"Macbook Pro Retina 15"" A1707 Rainbow Frosted Hard Case", 29.90
"Macbook Pro Retina 13.3"" A1706 A1708 Rainbow Frosted Hard Case", 29.90
Thunderbolt Mini Displayport DP to VGA Adapter Cable Apple MacBook Pro, 59.90
TRANSCEND SSD JETDRIVE 720 480GB MACBOOK AIR/PRO (TS480GJDM720), 1169.18
Macbook PRO 15 Inch Screen Protector (Anti-Glare / Clear), 39.00
Macbook PRO 13 Inch Screen Protector (Anti-Glare / Clear), 39.00
Macbook PRO Retina 15 Inch Screen Protector (Anti-Glare / Clear), 39.00
Macbook PRO Retina 13 Inch Screen Protector (Anti-Glare / Clear), 39.00
Mini DisplayPort to DVI Adapter Converter Cable MacBook Pro Air Laptop, 60.00
Mini DisplayPort to HDMI Male Converter Cable 1.8M MacBook Pro Air New, 49.90
Mini DisplayPort Thunderbolt to HDMI Adapter Cable Apple MacBook Pro, 60.00
Mini DisplayPort DP Thunderbolt to HDMI Adapter Cable MacBook Pro Air, 59.90
"For Apple MacBook Pro 15"" A1286 2010 HDD Cable", 150.00
Macbook Pro Retina 13.3' A1502 Frosted Hard Case Cover Rainbow Matte, 29.90
â?? STM: dux hardshell macbook (+ air & pro retina) case, 211.00
MacBook Pro 15.6 A1286 Heat Shock Protection PU Case, 39.90
MacBook Pro Retina 13 A1502 Heat Shock Protection PU Case, 39.90
MacBook Pro 13 A1278 Heat Shock Protection PU Case, 39.90
5 Pieces Tool Kit Pentalobe Screwdriver for Macbook Air/ Pro, 58.50
Shockproof Bag Sleeve for iPad Pro Liner Cases for Laptop Macbook, 98.50
Transcend JetDrive Lite 330 256GB MacBook Pro Retina 13 ~ TS256GJDL330, 808.00
Macbook Air Macbook Pro Case Cover Casing+Keyboard cover, 79.00
Apple A1342 MacBook Pro 13' Laptop CPU Cooling Fan, 99.00
Apple A1342 MacBook Pro 13' Laptop CPU Cooling Fan, 99.00
Apple MacBook Pro 15.4 A1286 2008 2009 MB470 MB471 LCD Hinge Pair, 80.00
"BOOQ Mamba Messenger Courier Bag for MacBook Pro 13""", 419.00
MacBook Pro Retina 15 A1398 Left & Right Fan, 259.90
MacBook Pro 15 Retina A1398 2013 2014 A1494 Battery, 199.90
MacBook Pro 15 Retina A1398 2011 2012 A1417 Battery, 189.90
Macmosphere Matte Hard Shell Case for Apple MacBook Pro 13, 198.00
Macmosphere Clear Hard Shell Case for Apple MacBook Pro 13', 238.00
Macbook PRO Retina 13 Inch A1502/A1425 Jeans Hard Case - Dark Blue, 79.00
Macbook PRO Retina 13 Inch A1502/A1425 Jeans Rubberized Case - Blue, 79.00
Macbook PRO Retina 13 Inch A1502/A1425 Jeans Rubberized Case - Black, 79.00
Macbook PRO 13 Inch A1278 Jeans Rubberized Hard Case - Dark Blue, 79.00
Macbook PRO 13 Inch A1278 Jeans Rubberized Hard Case - Blue, 79.00
Macbook PRO 13 Inch A1278 Jeans Rubberized Hard Case - Black, 79.00
Apple MacBook Pro 15 A1398 2012 2013 A1417 Battery with Screw Driver, 245.00
KADE 15/13.3/12 Inch Laptop Bag For Macbook Air / Pro, 55.00
Apple A1342 MacBook Pro 13' Laptop CPU Cooling Fan, 99.00
3M Privacy Filter Screen for MacBook Pro 13', 139.00
"BlueLounge Eco Friendly Messenger Bag for Apple MacBook Pro - 17""", 499.00
"BlueLounge Eco Friendly Tote for Apple Macbook Pro 15""", 499.00
"2nd 9.5mm SATA HDD SSD Hard Drive Caddy Bay for MacBook Pro 13\"" 15\"" ..", 29.20
Apple Macbook pro | retina | air 13/15' Anti Blue Screen Protector, 49.00
"Adam Elements mDrive Adapter 304A for MacBook Pro 13"" - 64GB (Black)", 109.00
15-inch MacBook Pro with Retina display & Force Touch (High-Spec), 10888.00
"Adidas Sleeve Case for MacBook Pro 15"" & Pro Retina 13""", 398.00
"Adidas Sleeve Case for MacBook Pro / Pro Retina 13""", 189.00
USB to LAN Cable for MacBook Air / Pro, 45.00
MONOCOZZI LUCID HARD SHELL CASE MACBOOK PRO 13' W/ RETINA DISP - BLK , 169.00
Apple A1494 Original Battery Genuine Macbook Pro, 500.00
Mini Displayport DP To HDMI Cable Adapter For Macbook Pro Air 6FT 1.8M, 27.60
85W Power Adapter Apple MacBook Pro 15' MagSafe(1) A1297 A1172 A1286, 110.00
60W AC Power Adapter Apple MacBook Pro 13' A1344 A1278 A1184 MagSafe 1, 105.00
"THULE GAUNTLET 15"" MACBOOK PRO AND RETINA DISPLAY SLEEVE - BLUE", 229.00
Hello Kitty MacBook Air Pro Retina Case Casing +KT Keyboard Protector, 58.90
MacBook Air 11.6 13.3 Pro Retina Case Cover Casing +Keyboard Protector, 46.80
MacBook Air 14 Pro Case Cover Casing Laptop iPad Air 2 Sleeve Bag, 96.80
MacBook Air Retina 11.6 12 13.3 15 Pro Canvas Case Cover Casing +Gifts, 59.80
2pcs@ MacBook Air Retina 11.6 12 13.3 15 Pro Clear Screen Protector, 29.80
MacBook Air 11.6 12 13.3 15 Pro Case Cover Casing Sleeve Canvas Bag, 72.80
MacBook Air 11.6 12 13.3 15 Pro Crystal Case Cover Casing + Free Gift, 45.80
MacBook Air 11.6 12 13.3 15 Pro Crystal Case Cover Casing + Free Gifts, 47.50
Emotal Apple MacBook 11 12 13 14 15 Air Pro Retina Bag Case Cover, 69.50
Apple MacBook Air 11.6 12 13.3 Pro Retina Color TPU Keyboard Protector, 29.50
Apple MacBook Air Pro Retina 11 12 13 14 15 Sleeve Bag Case Cover, 69.80
Apple MacBook Air 11 12 13 15 Pro Retina Case Cover Casing Leather Bag, 68.80
MacBook Air 11.6 12 13.3 15 Pro Case Cover Casing + Keyboard Protector, 38.80
MacBook PRO 13 Inch A1278 Rainbow Cover Case, 69.00
Macbook PRO Retina 13 Inch A1502 PU Leather Case, 88.00
Macbook PRO Retina 13 Inch / 15 Inch Premium Leather Hard Cover, 89.00
Macbook PRO 13 Inch A1278 PU Leather Case, 88.00
Macbook PRO 13 Inch / 15 Inch Premium Leather Hard Cover, 89.00
For MacBook Pro A1425 MD212 MD213 Battery, 300.00
For MacBook Pro Retina A1502 A1493 ME864 ME866 Battery, 300.00
"13.3"" Slim LED/LCD Screen Apple MacBook Pro A1278  A1342 ", 380.00
13.3' Slim LED LCD Screen Apple MacBook Pro A1369 A1466, 1180.00
"Apple MNQF2ZP / A 13.3 Inch MacBook Pro with Touch Bar (Space Grey, 2.9GHz, 8G", 8398.99
"Apple MNQG2ZP / A 13.3 Inch MacBook Pro with Touch Bar (Silver, 2.9GHz, 8GB, 5", 8398.99
"Apple MLH12ZP / A 13.3 Inch MacBook Pro with Touch Bar (Silver, 2.9GHz, 8GB, 2", 7599.00
"Apple MLH12ZP / A 13.3 Inch MacBook Pro with Touch Bar (Space Grey, 2.9GHz, 8G", 7599.00
"Apple MLL42ZP / A 13.3 Inch MacBook Pro (Space Grey, 2.0GHz, 8GB, 256GB, Apple", 6299.00
"Apple MLUQ2ZP / A 13.3 Inch MacBook Pro (Silver, 2.0GHz, 8GB, 256GB, Apple War", 6299.00
"Apple MLH42ZP / A 15.4 Inch MacBook Pro with Touch Bar (Space Grey, 2.7GHz, 16", 11999.00
"Apple MLW82ZP / A 15.4 Inch MacBook Pro with Touch Bar (Silver, 2.7GHz, 16GB, ", 11999.00
"Apple MLH32ZP / A 15.4 Inch MacBook Pro with Touch Bar (Space Grey, 2.6GHz, 16", 10199.00
"Apple MLW72ZP / A 15.4 Inch MacBook Pro with Touch Bar (Silver, 2.6GHz, 16GB, ", 10199.00
"Apple MJLQ2ZP / A 15.4 Inch MacBook Pro with Retina Display (2.2GHz, 16GB, 256", 8499.00
"TUCANO WORK_OUT II TROLLEY PILOT CASE FOR MACBOOK PRO 15""", 532.00
Apple Macbook Laptop Case Cover Skin For Air Pro Retina Macbook, 48.00
TUCANO SVOLTA LARGE BAG FOR NOTEBOOK 15.6' AND MACBOOK PRO 15' RETINA, 152.00
"TUCANO DRITTA SLIM 15 BAG FOR MACBOOK PRO 17"" AND NOTEBOOK 15.6""", 161.00
"TUCANO SHINE 13 LAPTOP BAG FOR MACBOOK AIR AND PRO 13"", NOTEBOOK 13""", 247.00
TUCANO EDGE 15 BAG FOR MACBOOK PRO 15', 465.00
"TUCANO DRITTA SLIM 14 BAG FOR MACBOOK PRO 15"" RETINA", 133.00
"TUCANO WORK_OUT II SLIM BAG FOR MACBOOK PRO 13"" AND ULTRABOOK 13""", 171.00
"TUCANO LAMPO SLIM SHOULDER BAG FOR MACBOOK PRO 13"", ULTRABOOK 13""", 133.00
"TUCANO TUBI CYCLING BACKPACK FOR MACBOOK PRO 15"" AND NOTEBOOK", 323.00
"TUCANO LUNA REFLECTIVE BACKPACK FOR IPAD PRO AND MACBOOK PRO 13""", 190.00
TUCANO LATO BACKPACK FOR MACBOOK PRO 17' AND NOTEBOOK 17', 186.00
"TUCANO MAGNUM BACKPACK FOR MACBOOK PRO 15"" AND 15"" NOTEBOOKS", 190.00
TUCANO DOPPIO BACKPACK FOR NOTEBOOK 15.6' AND MACBOOK PRO 15' RETINA, 161.00
"TUCANO ABILE BACKPACK FOR MACBOOK PRO 15"" AND 15"" NOTEBOOKS", 266.00
"TUCANO VARIO BACKPACK FOR NOTEBOOK 15.6"" AND MACBOOK PRO 15"" RETINA", 161.00
"TUCANO FORTE BACKPACK IN NYLON FOR NOTEBOOK 15.6"" AND MACBOOK PRO 15""", 148.00
TUCANO LIVELLO UP BACKPACK FOR MACBOOK PRO 15' AND ULTRABOOK 15', 247.00
TUCANO AGIO 13 BUSINESS BACKPACK FOR MACBOOK PRO 13' AND ULTRABOOK, 266.00
"TUCANO MODO BACKPACK - BUSINESS BACKPACK FOR MACBOOK PRO 15"" RETINA", 281.00
2M mini DP to Male  DP Cable for MacBook Pro, 30.00
Apple MacBook Pro 15.4' A1321 MC118LL/A MC118TA/A MC118ZP/A Battery, 350.00
"Apple MacBook Pro 15.4"" A1321 MB986ZP/A MC118CH/A MC118J/A Battery", 350.00
"Apple MacBook Pro 15.4"" A1321 MB986LL/A MB986TA/A MB986X/A Battery", 350.00
"Apple MacBook Pro 15.4"" A1321 MB985ZP/A MB986CH/A MB986J/A Battery", 350.00
"Apple MacBook Pro 15.4"" A1321 MB985LL/A MB985TA/A MB985X/A Battery", 350.00
"Apple MacBook Pro 15.4"" A1321 MB986LL/A MB985CH/A MB985J/A Battery", 350.00
Apple MacBook Pro 15.4 A1321 MC373LL/A MB986LL/A MC373LL/A Battery, 350.00
"Apple MacBook Pro 15.4"" MC371LL/A MC118LL/A MC372LL/A Battery", 350.00
Apple Macbook Pro 15inch 2.2ghz i7 HD6750 - Used TipTop(Like New 99%), 4698.00
Apple MacBook Pro 13 Retina A1502 Trackpad Cable 1657, 59.00
Apple Macbook Pro 13 unibody A1278 2049 Hard Drive HDD Cable Connector, 79.00
Apple 85W MagSafe 2 Power Adapter MD506MY / A (For 15 Inch Macbook Pro Retina , 349.00
"Apple 60W MagSafe 2 Power Adapter MD565MY / A (For Macbook Pro 13, Original Ap", 349.00
"Transcend Jet Drive 720 for MacBook Pro TS240GJDM720 (240GB, Transcend Warrant", 976.99
"Transcend Jet Drive 720 for MacBook Pro TS480GJDM720 (480GB, Transcend Warrant", 1716.14
"Transcend Jet Drive 720 for MacBook Pro TS960GJDM720 (960GB, Transcend Warrant", 3225.62
"Transcend Jet Drive 725 for MacBook Pro TS240GJDM725 (240GB, Transcend Warrant", 976.99
"Transcend Jet Drive 725 for MacBook Pro TS480GJDM725 (480GB, Transcend Warrant", 1716.14
"Transcend Jet Drive 725 for MacBook Pro TS960GJDM725 (960GB, Transcend Warrant", 3225.62
Apple MacBook Pro 15' i7 A1286 A1382 2011 2012 Battery, 170.00
APPLE MacBook Pro Retina 13 A1502 2015 A1582 NOTEBOOK Battery, 249.00
"APPLE Macbook Pro 15"" A1286 2011 2012 A1382 Battery", 179.00
"Trackpad Flex Cable MacBook Pro 13"" Retina 2013 2014", 39.90
"Trackpad Flex Cable MacBook Pro 13"" Retina Early 2015", 39.90
Headphone Jack Audio Port Macbook Pro Retina A1398 15 2012 2013, 39.90
Apple 15-inch MacBook Pro with Retina display 16GB/256GB Flash, 8088.00
MacBook PRO Retina 15 inch Matte Hard Cover Case - White, 79.00
MacBook PRO Retina 15 inch Matte Hard Cover Case - Red, 79.00
MacBook PRO Retina 15 inch Matte Hard Cover Case - Pink, 79.00
MacBook PRO Retina 15 inch Matte Hard Cover Case - Black, 79.00
"OEM Apple 60W Magsafe 2 Power Adapter For 13 "" Apple MacBook Pro", 135.00
"OEM Apple 85W Magsafe 2 Power Adapter For 15 or 17"" Apple MacBook Pro", 135.00
"OEM Apple 60W Magsafe 1 Power Adapter For 13 "" Apple MacBook Pro ", 135.00
"OEM Apple 85W Magsafe 1 Power Adapter For 15 or 17"" Apple MacBook Pro ", 135.00
APPLE MacBook Pro A1322 A1185 A1344 A1278 A1280 POWER Adapter Charger, 77.00
APPLE MacBook Pro A1181 A1184 A1342 A1330 A1322 POWER Adapter Charger, 77.00
APPLE MacBook Pro 16.5V 3.65A 60W MagSafe 1 POWER Adapter Charger, 77.00
APPLE Macbook Pro A1175 A1226 A1343 MA357LL/A Power Adapter Charger, 77.00
APPLE MacBook Pro A1175 A1189 A1286 A1212 A1290 POWER Adapter Charger, 77.00
APPLE MacBook Pro A1290 A1172 A1222 A1211 A1222 POWER Adapter Charger, 77.00
APPLE MacBook Pro A1343 A1226 A1184 A1151 A1150 POWER Adapter Charger, 77.00
APPLE MacBook Pro 18.5V 4.6A 85W MagSafe 1 POWER Adapter Charger, 77.00
APPLE Macbook Air Pro 16.5V 3.65A 60W Magsafe 2 POWER Adapter Charger, 77.00
APPLE Macbook Pro Magsafe 2 A1502 A1425 A1435 POWER Adapter Charger, 77.00
"Apple Battery Macbook A1322/Pro 13' (2009,2010)", 379.00
"Apple Macbook Pro 13.3 Inch 2.9GHz Dual Core Intel Core i7 (256GB, Apple Warra", 7356.00
"Apple Macbook Pro 13.3 Inch 2.9GHz Dual Core Intel Core i7 CTO Model (1TB, App", 6327.14
"Apple Macbook Pro 13.3 Inch 2.9GHz Dual Core Intel Core i7 CTO Model (128GB, A", 6814.74
"Apple Macbook Pro 13.3 Inch 2.9GHz Dual Core Intel Core i7 CTO Model (512GB, A", 9252.74
"APPLE MACBOOK ,AIR ,PRO ADAPTOR (ORIGINAL 60W OR 85W) ", 130.00
"TUCANO WORK OUT BACKPACK FOR MACBOOK PRO 17"" AND NOTEBOOK 16"" - BLUE", 260.10
"TUCANO WORK OUT II COMPACT BAG FOR MACBOOK PRO 15"" AND ULTRABOOK 15""", 203.15
"TUCANO LIVELLO UP BACKPACK FOR MACBOOK PRO 15"" AND ULTRABOOK 15"" BLUE", 220.15
"TUCANO LIVELLO UP BACKPACK FOR MACBOOK PRO 15"" AND ULTRABOOK 15"" - ORG", 220.15
"TUCANO LIVELLO UP BACKPACK FOR MACBOOK PRO 15"" AND ULTRABOOK 15"" - RED", 220.15
"TUCANO TECH-YO UP BACKPACK FOR MACBOOK / PRO 15"" ULTRABOOK 15"" - NERO", 203.15
"TUCANO TECH-YO UP BACKPACK FOR MACBOOK / PRO 15"" ULTRABOOK 15"" - BLUE", 203.15
"TUCANO TECH-YO UP BACKPACK FOR MACBOOK / PRO 15"" ULTRABOOK 15"" - BROWN", 203.15
"TUCANO TECH-YO UP BACKPACK FOR MACBOOK PRO 15"" AND ULTRABOOK 15"" - RED", 203.15
TARGUS TWILL SLEEVE FOR 15' MACBOOK® PRO TBS608AP-50 - BLACK, 89.40
15 INCH LAPTOP BAG TABLET ZIPPER POUCH SLEEVE FOR MACBOOK AIR / PRO RETINA (BL, 42.00
15 INCH LAPTOP BAG TABLET ZIPPER POUCH SLEEVE FOR MACBOOK AIR / PRO RETINA (RE, 42.00
15 INCH LAPTOP BAG TABLET ZIPPER POUCH SLEEVE FOR MACBOOK AIR / PRO RETINA (BR, 42.00
11INCH LAPTOP BAG TABLET ZIPPER POUCH SLEEVE FOR MACBOOK AIR / PRO RETINA (BLA, 43.00
11INCH LAPTOP BAG TABLET ZIPPER POUCH SLEEVE FOR MACBOOK AIR / PRO RETINA (BRO, 43.00
14INCH LAPTOP BAG TABLET ZIPPER POUCH SLEEVE FOR MACBOOK AIR / PRO RETINA (BLA, 43.00
14INCH LAPTOP BAG TABLET ZIPPER POUCH SLEEVE FOR MACBOOK AIR / PRO RETINA (RED, 43.00
14INCH LAPTOP BAG TABLET ZIPPER POUCH SLEEVE FOR MACBOOK AIR / PRO RETINA (BRO, 43.00
13 INCH LAPTOP BAG TABLET ZIPPER POUCH SLEEVE FOR MACBOOK AIR / PRO RETINA (BL, 43.00
13 INCH LAPTOP BAG TABLET ZIPPER POUCH SLEEVE FOR MACBOOK AIR / PRO RETINA (BR, 43.00
13 INCH LAPTOP BAG TABLET ZIPPER POUCH SLEEVE FOR MACBOOK AIR / PRO RETINA (RE, 43.00
For MacBook Pro 15' A1281 A1286 2008 Replacement Battery, 175.00
For MacBook Pro 15' A1286 MB470J MB471 MB772 Replacement Battery, 175.00
14 INCH LAPTOP BAG TABLET ZIPPER POUCH FOR MACBOOK AIR / PRO, 57.00
14 INCH LAPTOP BAG TABLET ZIPPER POUCH FOR MACBOOK AIR / PRO, 57.00
14 INCH LAPTOP BAG TABLET ZIPPER POUCH FOR MACBOOK AIR / PRO, 57.00
Original Apple Macbook Pro 17 MC725LL/A MD311LL/A A1309 95Wh Battery, 380.00
Original Apple MacBook Pro 17' A1297 2009 2010 APP-27 A1309 Battery, 380.00
Original Apple MacBook Pro 17' MC226J/A MC226LL/A MC226TA/A Battery, 380.00
Original Apple MacBook Pro 17' MC226ZP/A MC226CH/A MC226*/A Battery, 380.00
Original Apple Macbook Pro A1309 661-5037 661-5535 661-5960 Battery, 380.00
Apple MacBook Pro 15-inch: 2.2GHz- HARGA ANSURAN AEON 24 BULAN, 410.00
Mini DisplayPort DP to HDMI Adapter Short Cable Cord for MacBook Pro i.., 24.50
3 in1 Mini DP DisplayPort To HDMI/DVI/DP Converter Apple Macbook Pro, 30.00
3 in1 Mini DP DisplayPort To HDMI/DVI/DP Converter Macbook Pro, 30.00
Mini DP DisplayPort To DVI Converter Adapter iMac Macbook Pro Air d, 20.00
Mini DP DisplayPort To DVI Converter iMac Macbook Pro Air a, 20.00
Mini DisplayPort DP To VGA Converter Adapter iMac Macbook Pro Air d, 20.00
Mini DisplayPort DP To VGA Converter Cable iMac Macbook Pro Air c, 20.00
1.8M Mini DP Display Port To HDMI 1080P Cable Adapter Cord For MacBook Pro, 29.90
6ft 1.8M Mini DisplayPort DP to VGA Male Adapter Cable for MacBook Air Pro (wh, 29.90
Original Apple MacBook Pro A1278 A1322 Screws SET, 30.00
4pcs Unibody Bottom Case Rubber Feet Foot Pad  Apple MacBook Pro , 20.00
MacBook Pro 15â?? A1281 A1286 (2008) Aluminum Unibody Battery, 170.00
MacBook Pro 15' A1281 A1286 (2008) MB470*/A Alu Unibody Battery, 170.00
Apple MacBook Air Pro 13' 15' 17' A1331 A1342 Unibody Battery, 155.00
Apple MacBook Air Pro 13' A1405 A1369 A1466 Battery, 245.00
Apple MacBook Air Pro 13' A1405 A1377 A1496 MC503 A1466 Battery, 245.00
For Apple MacBook Pro A1331 A1342 Battery, 225.00
For Apple MacBook Pro 15' A1150 A1175 A1226 A1260 Battery, 130.00
For Apple MacBook Pro 15' MA601 MA600 MA609 MA610 MA348G/A Battery, 130.00
APPLE MACBOOK PRO 13 RETINA DISPLAY NOTEBOOK PC ( MF840ZP/A ), 6193.00
Apple 29W USB-C Power Adapter for Macbook  &amp; iPad Pro (fast charge support, 229.00
Macbook PRO Retina Magsafe 2 85W Power Adapter, 129.00
Macbook PRO Retina Magsafe 2 60W Power Adapter, 119.00
Macbook PRO Magsafe 1 85W Power Adapter, 129.00
Macbook PRO Magsafe 1 60W Power Adapter, 119.00
Apple 85w A1425 Magsafe2 AC Charger Macbook Pro 15 17 Retina-Genuine, 248.00
APPLE MacBook Pro 60W Magsafe Power Adapter A1184 A1330 A1344-Genuine, 218.00
for Universal Apple Macbook Pro Optical bay 2nd HDD Caddy Sata 9.5mm, 98.00
Apple MacBook Pro A1278 Year-2009-2010-2011-2012 Keyboard, 150.00
Apple MacBook Pro A1286 Year 2008-2009-2010-2011, 149.00
Apple MacBook Pro A1425 Year 2009-2010-2011, 129.00
Apple A1342 MacBook Pro 13' Laptop CPU Cooling Fan, 99.00
Apple A1347 MacBook Pro 13' Laptop CPU Cooling Fan, 99.00
Apple A1150 MacBook Pro 15' Laptop CPU Cooling Fan, 99.00
Apple A1342 MacBook Pro 13' Laptop CPU Cooling Fan, 99.00
Apple A1347 MacBook Pro 13' Laptop CPU Cooling Fan, 99.00
Apple MacBook Pro A1465 Keyboard, 165.00
Apple Macbook Pro A1466  A1369, 129.00
Apple MacBook Pro A1465 A1370 Keyboard, 165.00
Apple Macbook Pro A1502, 139.00
Apple Macbook Pro A1466  A1369, 129.00
USAMS 2A 2.0A USB 3.1 Type-C MacBook Pro to iPhone Lightning Cable , 23.00
77.5WH BATTERY for Apple MacBook Pro Unibody 15' A1286 (2011) A1382, 239.00
A1382 Battery Apple Macbook Pro 15'' A1286 (2011 2012 Version), 239.00
Battery APPLE MacBook Pro 15' A1286 2011 Mid-2012 A1382 661-5844, 239.00
77.5WH A1382 Battery Apple MacBook Pro 15 inch i7 Unibody, 239.00
MacBook Pro 15 A1398 2012 MagSafe Power DC Jack Board Repair Parts, 68.00
Macbook Pro 2008 A1286 A1278 A1297 Power MagSafe Board Repair, 68.00
"Transcend Jet Drive Lite 330 64GB for Macbook Pro Retina 13""", 189.00
Macbook Pro and Retina 85W MagSafe Power Adapter 18.5V 4.6A L type, 118.00
Macbook Pro and Retina 60W MagSafe Power Adapter 16.5V 3.65A L type, 118.00
"THULE GAUNTLET 15"" MACBOOK PRO AND RETINA DISPLAY SLEEVE - BLUE", 229.00
Thule Gauntlet 15Ë? MacBook Pro and Retina Display Sleeve - Blue, 229.00
"GENUINE Tucano Agio 15 MacBook Pro 15"" & Ultrabook 15.6"" BAG ~ BAGIO15", 199.00
"ORI TUCANO SVOLTA LARGE Laptop 15.6"" & MacBook Pro 15"" Retina ~ BSVO15", 145.00
"Apple Macbook Pro , Air 11"" , 13"" , 15"" Screen Guard Film Protector ", 26.50
"Silicone Keyboard Cover Skin for Apple Macbook Pro 13"" , 15""", 15.90
Emotal Apple MacBook 11 12 13 14 15 Air Pro Retina Bag Case Cover, 66.90
MacBook Air 14 Pro Case Cover Casing Laptop iPad Air 2 Sleeve Bag, 89.00
Mini DisplayPort to HDMI Adapter HDMI Cable For Macbook Pro connector , 58.30
Apple Magsafe 1 & 2 45W 60W 85W Charger Adapter MacBook Air Pro, 105.00
APPLE MACBOOK PRO 13 RETINA DISPLAY NOTEBOOK PC ( MF841ZP/A ), 7678.00
" APPLE MacBook Pro 13"" MB466 MB470 MB990 MB991 A1278 A1342 CPU Fan", 159.00
THULE VECTROS 13' MACBOOK PRO RETINA BUMPER - BLACK, 296.00
Thule Subterra 15Ë? MacBook Air/Pro Sleeve - Grey, 199.00
Thule Subterra 13Ë? MacBook Air/Pro Sleeve - Grey, 199.00
Thule Stravan Macbook Pro Attache 13Ë? - Grey, 359.00
"MacBook Pro 15"" A1286 2012 LVDS Display Cable", 79.00
"MacBook Pro 15"" A1286 2011 LVDS Display Cable", 79.00
"MacBook Pro 15"" A1286 2008-2010 LVDS Display Cable", 79.00
"Macbook Pro Retina 15"" A1398 Wifi Bluetooth Airport Card BCM94331", 59.00
"Macbook Pro Retina 13"" A1425 2012 HDMI USB Board 3199", 199.00
"Macbook Pro Retina 15"" A1398 2013-2014 HDMI USB Board 3547", 199.00
"MacBook PRO RETINA 13"" A1502 2013 2014 I/O Board Flex Cable", 49.00
"MacBook PRO RETINA 15"" A1398 2012 2013 I/O Board Flex Cable", 49.00
MacBook Pro 17 A1297 2009 Camera WIFI Antenna Cable, 69.00
MacBook Pro 15 A1286 2009 Camera WIFI Antenna Cable, 69.00
MacBook Pro 13 A1278 2008-2010 Camera WIFI Antenna Cable, 69.00
"Apple MacBook Pro 17"" A1297 2009-2011 CPU FAN", 119.00
"Apple MacBook Pro 15"" A1286 Left Right CPU Fan", 109.00
"Macbook Pro 15"" Retina A1398 2012-2014 Left Right Speaker", 79.00
Apple Macbook Pro Retina 13 inch A1502 2015 Trackpad Touchpad, 149.90
Apple Macbook Pro A1398 15 inch Retina 2015 Trackpad Touchpad, 129.00
Apple Macbook Pro A1398 15 inch Retina 2013 2014 Trackpad Touchpad, 129.00
Apple Macbook Pro A1398 15 inch Retina 2012 Trackpad Touchpad, 129.00
"APPLE A1321 MacBook Pro 15"" A1286 2009 2010 NoteBook Battery", 179.00
MacBook A1278 Pro 13' 2009 2010 Left Right Speaker Subwoofer, 159.90
MacBook A1278 Pro 13' 2011 2012 Left Right Speaker Subwoofer, 159.90
Apple MacBook Pro A1185 A1344 A1278 A1280 Power Adapter Charger, 77.00
Apple MacBook Pro A1181 A1184 A1342 A1330 A1370 Power Adapter Charger, 77.00
"Apple MF840ZP / A 13.3-inch MacBook Pro (2.7GHZ, 8GB, 256GB-ITP, Apple Warrant", 6419.00
"Apple MF839ZP / A 13.3-inch MacBook Pro (2.7GHZ, 8GB, 128GB-ITP, Apple Warrant", 5499.00
Apple A1347 MacBook Pro 13' Laptop CPU Cooling Fan, 99.00
Apple A1342 MacBook Pro 13' Laptop CPU Cooling Fan, 99.00
Apple A1150 MacBook Pro 15' Laptop CPU Cooling Fan, 99.00
Transcend JetDrive Lite 330 64GB MacBook Pro Retina 13 ~ TS64GJDL330, 168.00
Transcend JetDrive Lite 330 128GB MacBook Pro Retina 13 ~ TS128GJDL330, 358.00
Leather Protective HardCase for Macbook Retina Pro 15.4 inch-Dark Blue, 55.00
Leather Protective Hard Case for for Macbook Retina Pro 13.3 inch-Pink, 55.00
Leather Protective Hard Case for for Macbook Retina Pro 13.3-Dark Blue, 55.00
Silk Pattern Leather Protective Hard Case for Macbook Retina Pro 13.3, 69.00
Leather Protective Hard Case for Macbook Retina Pro 15.4 inch - Black, 55.00
Leather Protective Hard Case for Macbook Retina Pro 15.4 inch - Brown, 55.00
Leather Protective Hard Case for Macbook Retina Pro 15.4  - Light Blue, 55.00
Silk Pattern Leather Protective Hard Case for Macbook Retina Pro 15.4, 69.00
APPLE MacBook Pro 15 Retina A1398 DC Jack Board 820-3584-A Genuine, 69.00
Apple Macbook Pro 15 A1286 0812 Hard Drive HDD Cable Connector Genuine, 79.00
Apple Macbook Pro 15 A1286 1198 Hard Drive HDD Cable Connector Genuine, 79.00
Apple 85W MagSafe 2 Power Adapter MacBook Pro Retina Genuine, 169.00
Apple 85W MagSafe Power Adapter 15 and 17 MacBook Pro Genuine, 169.00
Apple 60W MagSafe 2 Power Adapter MacBook Pro 13 Retina Genuine, 194.00
Apple 60W MagSafe Power Adapter MacBook Pro 13' Genuine, 194.00
Cartinoe Exceed Series MacBook Air Pro Retina Notebook Bag, 79.00
Tucano Tech-Yo Up 15 Inch Backpack BKTYU-R for MacBook Pro (Red), 186.56
Tucano Tech-Yo Up 15 Inch Backpack BKTYU-M for MacBook Pro (Brown), 186.56
Tucano Tech-Yo Up 15 Inch Backpack BKTYU-B for MacBook Pro (Blue), 186.56
Tucano Tech-Yo Up 15 Inch Backpack BKTYU for MacBook Pro (Black), 186.56
Tucano Livello Up 15 Inch Backpack BKLIVU-R for MacBook Pro (Red), 207.76
Tucano Livello Up 15 Inch Backpack BKLIVU-O for MacBook Pro (Orange), 207.76
Tucano Livello Up 15 Inch Backpack BKLIVU-B for MacBook Pro (Blue), 207.76
Tucano Livello Up 15 Inch Backpack BKLIVU for MacBook Pro (Black), 207.76
"Apple MacBook Pro Retina 13"" A1502 US Keyboard Backlight Backlit", 99.00
"Apple MacBook Pro Retina 13"" A1425 US Keyboard Backlight Backlit", 99.00
"APPLE MacBook Pro 13"" A1278 Keyboard US 2009-2013", 99.00
MacBook Pro A1278 A1286 A1297 Magsafe DC Jack Board 820-2565-A, 69.00
"Apple Macbook PRO RETINA 13"" 15"" Screw Set", 12.90
"Apple Macbook PRO 13"" 15"" 17"" Screw Set", 12.90
"APPLE MacBook Pro Retina 13.3"" A1502 Speaker Left Right Set ", 99.00
Apple MacBook Pro 13' A1278 CPU Fan 2008 2012, 79.00
"Apple MacBook Pro 13"" Retina A1425 CPU Fan", 89.00
Apple Macbook PRO A1278 2012 13 inch LCD LVDS Cable Ribbon, 79.00
Apple Macbook PRO A1278 2008 2010 13 inch LCD LVDS Cable Ribbon, 79.00
"Apple MacBook Pro 13"" Retina A1502 CPU Fan", 79.00
Apple MacBook Pro 13 A1278 2011 LVDS LCD LED Screen Cable Ribbon, 79.00
Apple Macbook Pro Retina 13 15 A1398 A1425 LED Screen Cable Ribbon, 79.00
"DC Power Jack APPLE Macbook Pro 13"" A1502 Retina 820-3584-A #07", 59.00
Apple Macbook Pro 13 unibody A1278 1226 Hard Drive HDD Cable Connector, 79.00
Apple Macbook Pro 13 unibody A1278 1480 Hard Drive HDD Cable Connector, 79.00
Apple Macbook Pro 13 unibody A1278 0814 Hard Drive HDD Cable Connector, 79.00
MacBook PRO Unibody Model A1425 Trackpad Touchpad, 139.00
APPLE MacBook Pro Retina A1398 A1425 A1502 Bottom Feet Rubber 4 PCS Se, 18.00
APPLE MacBook Pro A1278 A1286 A1297 Bottom Feet Rubber 4 PCS Set, 18.00
Apple MacBook Pro 13 A1437 A1425 NOTEBOOK Battery, 199.00
APPLE A1322 MacBook Pro A1278 MB990J/A Laptop Notebook Battery, 149.00
Ori Original Apple MacBook Pro 15 inch A1150 A1175 MA348G/A Battery, 320.00
Screen Protector Ultra Clear Apple MacBook Air 11 13 Pro Retina 13 15, 19.90
Macbook Air Pro Retina 11 13 15 Inch Anti UV Blue Ray Screen Protector, 23.99
"TUCANO DRITTA X SLIM BAG FOR MACBOOK PRO 17"" & NOTEBOOK 15.6"" - COFFEE", 139.40
"TUCANO DRITTA X SLIM BAG FOR MACBOOK PRO 17"" & NOTEBOOK 15.6"" - BLACK", 139.40
Tucano WORK OUT II Slim Bag for Macbook Pro 13'/Ultrabook 13' - Blue, 152.15
Tucano WORK OUT II Slim Bag for Macbook Pro 13'/Ultrabook 13' - Fuhsia, 152.15
Tucano WORK OUT II Slim Bag for Macbook Pro 13'/Ultrabook 13' - Grey, 152.15
"Tucano Lampo Slim Bag for 13"" Macbook Pro / Ultrabook & 7"" / 10"" Table", 161.00
"Tucano Lampo Slim Bag for 13"" Macbook Pro / Ultrabook & 7"" / 10"" Table", 161.00
NEW ORIGINAL - Apple Macbook Pro 15' i7 Unibody A1382 77.5Wh battery, 296.80
Tucano Lampo Slim Bag for 13' Macbook Pro & 7' / 10' Tablet - Blue, 118.15
MacBook Air 14 Pro Case Cover Casing Laptop iPad Air 2 Sleeve Bag, 149.00
2 Pcs Soft Silicone Rainbow Keyboard Cover Skin for Macbook air Pro , 58.50
"NEW ORIGINAL BATTERY-  Apple Macbook Pro 17"" A1189 A1151 Battery", 296.80
"NEW ORIGINAL BATTERY Apple MacBook Pro 15"" A1150 A1175 MA348G/A Silver", 286.20
NEW ORIGINAL BATTERY-  Apple A1286 Macbook Pro 15' A1321 , 296.80
Apple MacBook Pro MF839ZP/A Notebook with Retina Display 13.3'', 5599.00
"Original Apple MacBook Pro 17"" MA092 MA611 MA897 MB166 68Wh Battery", 305.00
Apple Macbook Pro Air Iron Man Color Sticker for Skin Removable, 38.90
Apple MacBook Pro Unibody 020-6809-A 020-6810-A MC234LL MB985 Battery, 230.00
Original Battery for Apple MacBook Pro 13' A1322(A1278), 368.88
Apple Macbook Pro Air Iron Man Color Sticker for Skin Removable, 38.90
Iron Man Color Sticker  Skin Removable For Apple Macbook Pro Air, 39.90
Apple Macbook Pro Air Iron Man Color Sticker for Skin Removable, 39.90
"MacBook Air Pro Retina 11"" 13"" 15"" Double Pocket Notebook Bag", 29.00
MacBook Pro Retina 13 A1502 A1425 Trans Matte Frosted Hard Case Cover, 35.99
"Macbook Pro 15"" Case - Yellow", 39.50
"Macbook Pro 15"" Case - America", 39.50
"Macbook Pro 15"" Case - Tiffany Blue", 39.50
"Macbook Pro 15"" Case - Rainbow", 39.50
"Macbook Pro 15"" Case - Purple", 39.50
"Macbook Pro 15"" Case - Pink", 39.50
"Macbook Pro 15"" Case - Orange", 39.50
"Macbook Pro 15"" Case - Purple Leopard", 39.50
"Macbook Pro 15"" Case - Green", 39.50
"Macbook Pro 15"" Case - Floral", 39.50
"Macbook Pro 15"" Case - Paris", 39.50
"Macbook Pro 15"" Case - Clear", 39.50
"Macbook Pro 15"" Case - Dark Blue", 39.50
"Macbook Pro 15"" Case - Light Blue", 39.50
Screenguard Film Protector for Macbook Pro Retina 15, 39.50
"Macbook Pro Retina 15"" Case - Yellow", 39.50
"Macbook Pro Retina 15"" Case - Rainbow", 39.50
"Macbook Pro Retina 15"" Case - Purple", 39.50
"Macbook Pro Retina 15"" Case - Pink", 39.50
"Macbook Pro Retina 15"" Case - Orange", 39.50
"Macbook Pro Retina 15"" Case - Purple Leopard", 39.50
"Macbook Pro Retina 15"" Case - Purple Giraffe", 39.50
Macbook Pro Retina 15 &quot; Case - Floral, 39.50
"Macbook Pro Retina 15"" Case - Paris", 39.50
"Macbook Pro Retina 15"" Case - Light Blue", 39.50
Macbook Pro Retina 13 &quot; Case - Rainbow, 39.50
"Macbook Pro Retina 13"" Case - Pink", 39.50
"Macbook Pro Retina 13"" Case - Purple Leopard", 39.50
"Macbook Pro Retina 13"" Case - Floral", 39.50
"Macbook Pro Retina 13"" Case - Paris", 39.50
ENKAY TPU Soft Keyboard Protector Cover Skin for MacBook Pro / Air (13, 29.00
60Wh 6 Cell Battery Pack for Apple MacBook Pro 15 inch A1175/ A1150, 179.00
Apple Macbook Air Pro Retina 13 15 TPU Transparent Keyboard Protector, 12.99
Macbook Air Pro Retina 11/13/15 Inch Crystal Clear Hard Case Cover, 29.90
Macbook Air Pro Retina 11/13/15 Inch Matte Frosted Hard Case Cover, 34.90
Macbook Air Retina Pro 11/13/15 Inch Hard Shell Metal Case Protector, 55.00
Soft TPU 3D Keyboard Protector Cover Skin for 13/15/17 MacBook Air Pro, 9.90
Macbook Air Retina Pro 11/13/15/17 Inch Clear Matte Screen Protector, 25.90
Macbook Air Retina Pro 11/13/15 Inch Ultra-thin Palm Guard Protector, 23.00
MacBook Pro Retina 13 A1502 A1425 Transparent Crystal Hard Case Cover, 29.99
MacBook Air Pro Retina Candy Color III Keyboard Protector, 19.90
Apple MacBook Air Pro Retina Gold Color Keyboard Protector, 17.90
MacBook Air Pro Retina 13' Transition Color Keyboard Protector, 17.90
New Apple MacBook Pro 15 inch Unibody MC118 MC371 MC372 A1321 Battery, 230.00
Apple A1286 MB985LL/A MB986LL/A MacBook Pro 15â?? inch 2009 2010 Battery, 230.00
Apple Macbook Pro 15' inch MC723LL MC721LL/A A1286 2011 2012 Battery, 250.00
Apple Macbook Pro A1382  661-5211 661-5476 661-5844 020-7134 Battery, 250.00
Ori Apple 60W MagSafe 2 Power Adapter Charger A1435 MacBook Pro Air, 170.00
Apple MacBook Pro 13 13.3 A1278 Trans Matte Frosted Hard Case Cover, 35.99
10pcs Screws Bottom Back Case Cover Screw For MacBook Pro 13' 15' 17', 19.90
4pcs Unibody Bottom Rubber Foot Pad For Apple MacBook Pro 13' 15' 17', 17.90
MacBook Air Pro Retina Clear Soft Ultra Thin TPU Keyboard Protector, 9.90
60W AC Power Adapter Apple MacBook Pro 13' A1344 A1278 A1184 MagSafe 1, 105.00
Apple Magsafe 2 45W Adapter Charger MacBook Air Pro Air, 120.00
Apple Magsafe 2 60W Adapter Charger MacBook Air Pro Air A1502/ A1425, 120.00
Apple Magsafe 2 85W Adapter Charger MacBook Air Pro Air A1398, 120.00
MacBook Air/Pro Retina Ultra Clear Screen Protector, 30.00
Emotal MacBook 11 13 15 Air Pro Retina Bag Case + Free Gifts, 86.90
Hello Kitty MacBook Air Pro Retina Case Cover + KT Keyboard Protector, 57.90
MacBook Air Pro Retina 11 13 15 Bag Case Cover + Free Gifts, 86.90
MacBook Air 11.6 13.3 Pro Retina Matte Case Cover + Keyboard Protector, 40.90
MacBook Air 11.6 13.3 Pro Retina Matte Case + Free Keyboard Protector, 42.90
Emotal MacBook Air 11.6 13.3 Pro Retina TPU Keyboard Protector Cover, 37.90
Emotal MacBook Air 11.6 13.3 Pro Retina Color TPU Keyboard Protector, 35.90
â??ï¸? 2.5' SATA to SATA HDD Caddy for Apple MacBook Pro, 55.00
Macbook Air Pro Retina Quality PU Case, 39.00
APOTOP Smartsuit Micro SD Adpater for Macbook Pro/Air 3units/pack, 37.91
[11/06] Apple Macbook Pro MF839ZP/A *i5 2.7GHz/8G/128G* (13â?? Retina), 5151.60
[11-Jun] Apple Macbook Pro Retina 2015 MF839ZP/A *Intel i5 2.7Ghz/128*, 5151.60
USB External DVD CD RW Burner Superdrive for Apple MacBook Air Pro, 190.00
Leather Pouch Case Envelop for Macbook Air Pro 11/13, 50.00
MacBook Pro Retina 13 13.3 A1502 A142 Palm Guard + Track Pad Protector, 26.00
MacBook Pro Retina 15 15.4 A1398 Palm Guard + Track Pad Protector, 26.00
Macbook Air 11 13 Pro 13 15 Anti Dust Plugs Plug *FULL SET*, 11.00
Envelope Case for Macbook Air Pro Retina iPad (66008), 43.00
Envelope Case for Macbook Pro Retina 13 (YB3132), 88.00
Carrying Bag Pouch for Macbook Air Pro (81710) with shoulder strap, 53.00
"Leather Case Pouch for Macbook Air 11.6"" 13.3"" Macbook Pro 13.3""", 49.00
Apple Macbook Pro Air A1331 A1342 661-5391 Laptop Battery, 229.00
"Original Apple MacBook Pro 15"" 17"" Retina Display 2012 2013 AC Adapter", 230.00
Original Apple Macbook Pro 16.5V 3.65A 60W Magsafe 2 Adapter Charger, 230.00
Original Apple MacBook Pro 13 Retina Display 2012 2013 Adapter Charger, 230.00
New Apple Macbook Air Pro 3 Prong Pins UK AC Adapter Power Header Plug, 39.00
Apple MacBook Pro 15 A1286 A1398 A1424 MC975LL/A MC976LL/A AC Adapter, 140.00
Apple MacBook Pro 13 inch Air 11 13 MD565LL Magsafe 2 Adapter Charger, 130.00
Apple MacBook Pro A1175 A1189 A1286 Laptop Power Adapter Charger, 77.00
Apple MacBook Pro A1290 A1172 A1222 Laptop Power Adapter Charger, 77.00
Apple MacBook Pro A1343 A1226 A1211 A1212 Laptop Power Adapter Charger, 77.00
Apple MacBook Pro A1150 A1151 A1184 Laptop Power Adapter Charger, 77.00
Apple Macbook Air Pro Magsafe 2 A1465 Power Adapter Charger, 77.00
Apple Macbook Air Pro Magsafe 2 Power Adapter Charger, 77.00
Apple Macbook Pro Magsafe 2 A1425 A1435 A1502 Power Adapter Charger, 77.00
Apple MacBook Pro A1322 A1184 A1181 A1330 Power Adapter Charger, 77.00
Apple MacBook Pro A1278 A1344 A1342 A1185 Laptop Power Adapter Charger, 77.00
MacPaw CleanMyMac 3 - Lifetime License 1 PC MacBook Air Pro iMac macOS, 150.00
APPLE MacBook Pro MB991LL/A MB991CH/A Laptop Notebook Battery, 249.00
APPLE MacBook Pro MB991J/A MB990CH/A Laptop Notebook Battery, 249.00
APPLE MacBook Pro MB990 A1322 A1278 MB990J/A Laptop Notebook Battery , 139.00
Apple MacBook Pro MBP 15' A1321 661-5211 661-5476 Battery, 248.00
Apple MacBook Pro 15' i7 A1286 A1382 2011 2012 Battery, 249.00
STM Grip for Apple MacBook Pro Retina 15' - Royal Blue, 208.00
STM Grip for Apple MacBook Pro Retina 15' - Pink, 208.00
STM Grip for Apple MacBook Pro Retina 15â?? - Black, 208.00
APPLE Macbook Pro A1222 A1290 MA357LL/A Power Adapter Charger , 77.00
Apple 60W MagSafe 2 Power Adapter | Macbook Pro 13' Display Charger, 109.00
J.M.SHOW MacBook Pro 13 inch Retina Luxury Soft Leather Case Cover, 180.00
ORI Original Apple MacBook Pro 15' i7 A1286 A1382 2011 2012 Battery, 300.00
ORI Original Apple MacBook Pro MBP 15' A1321 661-5211 661-5476 Battery, 300.00
Original Apple Macbook Pro Unibody 15' inch A1321 A1286 MB985 Battery, 300.00
2nd Hard Drive Optical HDD Bay Caddy for MacBook Pro 13' 15' 17', 69.00
MacBook Air 11.6 13.3  Air Pro Case + Free GIFTS, 55.00
Apple Magsafe 1 & 2 45W 60W 85W Adapter Charger MacBook Air Pro, 105.00
AC Power Adapter 85W Magsafe & Magsafe 2 for Apple Macbook Pro, 98.00
Soft Keyboard Protector Cover Skin for MacBook Pro / Air 13'/15', 25.00
Just Mobile - Xtand Proâ?¢ - Designed to lift your Apple MacBook display, 189.90
Mini DisplayPort to DVI Adapter Cable Cord For MacBook Pro, 39.90
Apotop SmartSuit slim microSD Card Adapter for Apple Macbook Air / Pro, 39.00
New ORI Original Apple MacBook Pro 13' A1278 A1322 Mid 2009 Battery, 270.00
New Original Apple MacBook Pro 15 inch MB470 A1286 A1281 MB772 Battery, 280.00
Brand New Apple MacBook Pro 17 Inch A1151 A1189 MA458 MA458G/A Battery, 180.00
New Apple MacBook Pro 13 13.3 Inch A1278 2009 2011 A1322 MB990 Battery, 200.00
"BOOQ Mamba Slim For MacBook Pro 15""", 359.00
Apple Macbook Pro 13 611-0443 661-4269 661-4485 60W AC Adapter Charger, 130.00
Apple Macbook Pro A1184 A1344 A1330 ADP-60AD 60W AC Adapter Charger, 130.00
Apple Macbook Pro 13 13.3 Magsafe 60W T Shape AC Adapter Charger, 130.00
Apple Macbook Pro 15 15.4 A1260 MA463 MA464 MA600 MB133 MB134 Battery, 180.00
Apple Macbook Pro 15 15.4 inch A1175 MA348 A1150 A1226 A1211 Battery, 180.00
MacBook Pro Keyboard Protector Cover, 19.00
New ORI Original Apple Macbook Pro Air A1331 A1342 661-5391 Battery, 290.00
JCPAL FitSkin TPU Keyboard Protector - Apple Macbook Air / Pro, 69.00
New ORI Genuine Apple Macbook Pro Air 15 17 Inch 85W MagSafe Charger, 230.00
New Original Genuine Apple Macbook Pro 13' 13 Inch 60W Adapter Charger, 210.00
ORI Genuine Apple Macbook Pro 13 inch 16.5V 3.65A 60W Adapter Charger, 210.00
"Hex Fleet Core Case for Apple Macbook Pro 15"" - Black/Grey Striped", 209.00
Apple MacBook Pro 13 15.4 17 inch A1172 MagSafe 85W AC Adapter Charger, 150.00
Macbook air Case Cover For Macbook Pro 11/13/15 inch mack book Cover, 45.00
Apple PowerBook G4 MacBook Pro 15 inch M9421 M9422 M9676*/A Battery, 300.00
Apple MacBook Pro PowerBook G4 15 inch M9676Z/A M9676X/A Battery, 300.00
Ori Original Apple MacBook Pro 15 inch A1150 A1175 MA348G/A Battery, 296.00
"( APPLE REPAIR ) APPLE MACBOOK PRO -NO DISPLAY , COLOUR BLUR ,NO POWER", 750.00
MacBook Pro Intel Core i5 Retina Display - HARGA ANSURAN AEON 24 BULAN, 308.00
New Battery APPLE Macbook PRO A1286 Bateri, 480.00
New Battery APPLE Macbook PRO A1286 Bateri, 480.00
New Battery APPLE Macbook PRO A1297 Bateri, 480.00
New Battery APPLE Macbook pro A1398 Bateri, 480.00
New Battery APPLE Macbook PRO A1502 Bateri, 480.00
New Battery APPLE Macbook Pro A1286 Bateri, 480.00
New Adapter Macbook PRO A1369 Charger, 300.00
"NEW ORIGINAL BATTERY Macbook Pro 15"" A1321 A1286 MC372LL/A 661-5476 ", 296.80
 Apple Macbook Air Pro Decal Stickers Mac Air Pro for 11 13 15 17 inch, 7.90
Thunderbolt Mini Displayport DP to VGA Adapter Cable Apple MacBook Pro, 30.90
Thunderbolt Mini Displayport DP to VGA Adapter Cable Apple MacBook Pro, 31.90
Anti Dust Plug Set for Apple MacBook Air Pro Retina 12 PCS Set, 9.90
Case MacBook Air Pro Retina 11' 12' 13' Posterize Material, 49.00
Apple Macbook Pro A1286 15' MB772 A1281 Aluminum Unibody Battery, 340.00
Premium Ultra Thin Keyboard Protector for Macbook Pro with Retina Disp, 19.90
New Adapter Macbook PRO A1286 Charger, 300.00
New Battery APPLE Macbook PRO A1466 Bateri, 480.00
New Battery APPLE Macbook PRO A1286 Bateri, 480.00
New Battery APPLE Macbook PRO A1278 Bateri, 480.00
New Battery APPLE Macbook PRO A1286 Bateri, 480.00
New Battery Macbook PRO A1278 Bateri, 480.00
New Battery APPLE Macbook PRO A1278 Bateri, 480.00
New Adapter APPLE Macbook PRO W893808J66H Charger, 300.00
New Adapter APPLE Macbook Pro 2010 Charger, 300.00
"NEW ORIGINAL Battery Apple MacBook Pro 15"" A1281 A1286 MB470J/A MB470*", 275.60
Nums Smart Ultra-thin Keyboard Keypad Trackpad Protection MacBook Pro, 109.00
Apple MacBook Pro 13' with Retina Display 256GB - New Sealed Box, 5899.00
Apple MacBook Pro 13' with Retina Display 512GB - New Sealed Box, 7199.00
New Battery APPLE Macbook PRO A1322  Bateri, 480.00
New Adapter APPLE Macbook PRO A1398 Charger, 300.00
New Adapter APPLE Macbook PRO A1466 Charger, 300.00
New Adapter Macbook PRO A1502 Charger, 300.00
NEW ORIGINAL -  Apple Macbook Air Pro Unibody Battery A1342 A1331, 275.60
Thunderbolt Mini Displayport DP to VGA Adapter Cable Apple MacBook Pro, 30.90
MacBook Air Pro Retina Candy Color Translucent Keyboard Protector, 17.90
Think Tank Photo My 2nd Brain 15-fit MacBook Pro 15â?? & any iPad, 497.00
"Apple Macbook Pro 13"" A1278 2009 2010 2011 Mid-2012 US keyboard", 80.00
Apple MacBook Pro 13' Unibody A1322 A1278 battery FOC Y screw driver, 165.00
"MacBook Pro 13"" New A1706 15"" A1707 Clear Soft Ultra Thin TPU Keyboard", 9.90
Thunderbolt Mini Displayport DP to VGA Adapter Cable Apple MacBook Pro, 31.90
New Battery APPLE Macbook PRO A1286 Bateri, 480.00
New Battery APPLE Macbook PRO 2010  Bateri, 480.00
New Battery APPLE Macbook PRO A1278 Bateri, 480.00
New Battery Macbook Pro A1286 Bateri, 480.00
New Battery APPLE Macbook PRO 2009 Bateri, 480.00
New Battery APPLE Macbook PRO A1161 Bateri, 480.00
New Battery APPLE Macbook Pro A1278 Bateri, 480.00
New Adapter APPLE Macbook PRO A1502 Charger, 300.00
Thunderbolt Mini Displayport DP to VGA Adapter Cable Apple MacBook Pro, 30.90
Apple MacBook Pro 13 13.3 A1278 Transparent Crystal Hard Case Cover, 29.99
